,Temprature,Smoke_8m_above_ground,Vertically Integrated Smoke,Dew Point,Wind Speed,Relative Humidity,Specific Humidity,Downward Long-Wave Rad. Flux,Downward Short-Wave Rad. Flux,Ground Heat Flux,Wind Gust ,Height of the Level of Free Convection,Upward Long-Wave Rad. Flux ,Upward Short-Wave Rad. Flux
2023-07-01 00:00:00,308.0,0.0,7.748603820800781e-07,278.25,3.318359375,22.203125,0.006351470947265625,341.0,512.5,-10.0,3.837890625,1294.0,449.0,103.5
2023-07-01 01:00:00,305.75,0.0,8.344650268554688e-07,278.0,2.94140625,21.703125,0.0062408447265625,344.0,312.0,40.0,4.046875,1294.0,436.5,67.75
2023-07-01 02:00:00,302.75,0.0,8.344650268554688e-07,277.75,2.501953125,21.90625,0.00608062744140625,340.0,121.0,60.0,3.232421875,1294.0,418.75,28.5
2023-07-01 03:00:00,299.0,0.0,7.152557373046875e-07,278.75,1.9404296875,24.796875,0.006450653076171875,339.0,0.0,110.0,3.5078125,1294.0,399.25,0.0
2023-07-01 04:00:00,297.0,0.0,7.152557373046875e-07,279.0,1.1904296875,28.90625,0.006580352783203125,333.5,0.0,60.0,2.53515625,1294.0,387.5,0.0
2023-07-01 05:00:00,293.75,0.0,7.152557373046875e-07,280.0,1.564453125,33.5,0.007160186767578125,332.0,-10000.0,111.0,1.5546875,1294.0,371.75,-10000.0
2023-07-01 06:00:00,292.5,0.0,7.152557373046875e-07,280.5,1.376953125,36.90625,0.007381439208984375,329.5,-10000.0,90.0,1.8671875,1294.0,365.5,-10000.0
2023-07-01 07:00:00,291.25,0.0,7.748603820800781e-07,279.5,1.9375,36.90625,0.006870269775390625,322.25,-10000.0,80.0,1.9208984375,1294.0,359.0,-10000.0
2023-07-01 08:00:00,290.25,0.0,8.344650268554688e-07,279.75,2.939453125,43.1875,0.006969451904296875,319.25,-10000.0,75.0,3.220703125,1294.0,354.0,-10000.0
2023-07-01 09:00:00,289.0,0.0,8.940696716308594e-07,279.5,2.6875,45.90625,0.00682830810546875,316.75,0.0,81.0,3.5546875,1294.0,347.75,0.0
2023-07-01 10:00:00,288.5,0.0,8.344650268554688e-07,279.75,2.501953125,45.3125,0.006938934326171875,315.0,0.0,85.0,3.228515625,1294.0,346.0,0.0
2023-07-01 11:00:00,289.0,0.0,7.748603820800781e-07,280.25,2.939453125,49.8125,0.007259368896484375,313.0,0.0,70.0,3.79296875,1294.0,347.75,0.0
2023-07-01 12:00:00,289.75,0.0,7.152557373046875e-07,280.0,2.876953125,46.59375,0.00714111328125,315.25,0.0,30.0,3.1640625,1294.0,352.0,0.0
2023-07-01 13:00:00,291.0,0.0,7.152557373046875e-07,280.25,2.189453125,48.1875,0.007251739501953125,312.75,125.0,0.0,3.4765625,1294.0,357.5,29.0
2023-07-01 14:00:00,295.5,0.0,7.748603820800781e-07,281.5,2.9375,44.09375,0.007801055908203125,318.75,314.0,-60.0,4.41015625,1294.0,380.25,67.125
2023-07-01 15:00:00,301.0,0.0,8.344650268554688e-07,281.5,3.689453125,36.6875,0.00778961181640625,324.25,513.5,-110.0,4.3203125,1294.0,409.75,102.25
2023-07-01 16:00:00,305.0,0.0,7.748603820800781e-07,281.25,2.81640625,32.0,0.00772857666015625,333.25,694.5,-60.0,3.142578125,1294.0,431.75,130.25
2023-07-01 17:00:00,308.75,0.0,7.152557373046875e-07,280.0,1.1875,26.40625,0.00701904296875,341.25,844.0,-80.0,1.9287109375,1294.0,453.0,151.375
2023-07-01 18:00:00,313.25,0.0,6.556510925292969e-07,279.25,0.62646484375,22.90625,0.006710052490234375,345.0,954.0,-160.0,1.2626953125,1294.0,480.0,166.125
2023-07-01 19:00:00,315.0,0.0,7.152557373046875e-07,278.0,0.81396484375,19.90625,0.0061492919921875,345.25,1014.0,-150.0,1.328125,1294.0,492.0,173.875
2023-07-01 20:00:00,315.75,0.0,7.748603820800781e-07,276.5,2.375,17.203125,0.0055389404296875,346.5,1015.0,-120.0,2.728515625,1294.0,495.5,174.375
2023-07-01 21:00:00,314.75,0.0,1.1920928955078125e-06,277.25,3.814453125,17.59375,0.00582122802734375,347.75,960.0,-60.0,4.8125,1294.0,489.25,168.0
2023-07-01 22:00:00,314.75,0.0,3.7550926208496094e-06,275.75,3.939453125,15.703125,0.005321502685546875,347.0,855.0,-60.0,4.9375,1294.0,489.5,154.625
2023-07-01 23:00:00,313.25,0.0,4.76837158203125e-07,276.5,3.37890625,16.296875,0.0055084228515625,344.75,706.0,-30.0,4.38671875,1294.0,480.5,134.0
2023-07-02 00:00:00,311.75,0.0,4.172325134277344e-07,274.5,3.06640625,13.8984375,0.004871368408203125,347.75,519.5,-20.0,4.859375,1294.0,471.25,104.875
2023-07-02 01:00:00,308.75,0.0,2.980232238769531e-07,277.25,2.376953125,17.09375,0.00582122802734375,349.5,318.0,40.0,4.46484375,1294.0,453.0,69.125
2023-07-02 02:00:00,305.75,0.0,2.980232238769531e-07,277.5,0.94189453125,17.59375,0.005970001220703125,350.5,123.1875,100.0,3.3125,1294.0,435.5,29.0
2023-07-02 03:00:00,302.0,0.0,2.980232238769531e-07,278.5,1.25390625,20.796875,0.00640869140625,347.75,0.0,110.0,2.279296875,1294.0,415.25,0.0
2023-07-02 04:00:00,298.5,0.0,3.5762786865234375e-07,276.75,1.751953125,21.796875,0.0056610107421875,341.25,0.0,80.0,2.927734375,1294.0,396.0,0.0
2023-07-02 05:00:00,296.25,0.0,4.172325134277344e-07,277.0,3.689453125,23.296875,0.005771636962890625,402.5,-10000.0,80.0,4.98828125,1294.0,384.5,-10000.0
2023-07-02 06:00:00,297.5,0.0,3.5762786865234375e-07,281.5,5.6875,31.796875,0.0078887939453125,352.75,-10000.0,30.0,10.359375,1294.0,391.25,-10000.0
2023-07-02 07:00:00,298.75,0.0,3.5762786865234375e-07,277.0,4.6875,22.296875,0.00579071044921875,371.25,-10000.0,40.0,10.546875,1294.0,398.0,-10000.0
2023-07-02 08:00:00,297.5,0.0,2.980232238769531e-07,278.0,3.814453125,26.09375,0.006160736083984375,334.75,-10000.0,72.0,5.48828125,1294.0,391.25,-10000.0
2023-07-02 09:00:00,295.25,0.0,2.980232238769531e-07,278.5,2.126953125,31.09375,0.00640106201171875,326.75,0.0,91.0,2.173828125,1294.0,378.5,0.0
2023-07-02 10:00:00,295.0,0.0,2.980232238769531e-07,276.75,2.626953125,27.296875,0.00563812255859375,325.0,0.0,50.0,3.66796875,1294.0,378.25,0.0
2023-07-02 11:00:00,293.0,0.0,3.5762786865234375e-07,279.0,2.5625,35.3125,0.006610870361328125,325.75,0.0,100.0,4.58203125,1294.0,368.0,0.0
2023-07-02 12:00:00,293.0,0.0,2.980232238769531e-07,280.25,3.00390625,37.90625,0.00727081298828125,326.75,0.0,98.0,4.4140625,1294.0,367.5,0.0
2023-07-02 13:00:00,295.0,0.0,3.5762786865234375e-07,280.5,2.314453125,39.8125,0.0073699951171875,327.0,121.375,20.0,3.052734375,1294.0,378.25,28.125
2023-07-02 14:00:00,298.5,0.0,3.5762786865234375e-07,280.75,1.6884765625,34.40625,0.007450103759765625,332.5,309.75,-20.0,2.833984375,1294.0,396.0,66.25
2023-07-02 15:00:00,302.75,0.0,2.980232238769531e-07,281.25,2.689453125,33.0,0.007770538330078125,334.25,508.0,-80.0,3.87890625,1294.0,419.75,101.25
2023-07-02 16:00:00,306.75,0.0,3.5762786865234375e-07,282.5,2.251953125,31.90625,0.0084075927734375,342.75,689.0,-44.0,2.322265625,1294.0,441.75,129.375
2023-07-02 17:00:00,309.75,0.0,3.5762786865234375e-07,281.25,1.4423828125,27.40625,0.00778961181640625,342.25,845.0,-50.0,2.802734375,1294.0,459.75,151.75
2023-07-02 18:00:00,314.0,0.0,3.5762786865234375e-07,277.0,1.5009765625,17.90625,0.005771636962890625,345.75,957.0,-110.0,3.62109375,1294.0,485.25,166.625
2023-07-02 19:00:00,315.25,0.0,4.172325134277344e-07,275.25,3.568359375,15.1015625,0.0051116943359375,347.75,1014.0,-90.0,6.359375,1294.0,493.0,173.875
2023-07-02 20:00:00,316.25,0.0,4.172325134277344e-07,276.5,2.939453125,16.09375,0.005588531494140625,353.5,1011.0,-90.0,6.8671875,1294.0,499.5,173.75
2023-07-02 21:00:00,316.5,0.0,4.172325134277344e-07,276.25,2.880859375,15.1015625,0.005451202392578125,355.5,955.0,-80.0,7.078125,1294.0,501.0,167.125
2023-07-02 22:00:00,315.75,0.0,4.172325134277344e-07,277.25,2.943359375,15.8984375,0.005901336669921875,357.5,849.0,-40.0,7.0703125,1294.0,496.75,153.5
2023-07-02 23:00:00,315.0,0.0,3.5762786865234375e-07,276.0,3.626953125,14.203125,0.00534820556640625,356.25,699.5,-30.0,7.0546875,1294.0,490.5,132.875
2023-07-03 00:00:00,312.75,0.0,3.5762786865234375e-07,275.5,3.193359375,13.6015625,0.005199432373046875,356.0,516.0,20.0,8.0625,1294.0,476.5,104.25
2023-07-03 01:00:00,309.0,0.0,3.5762786865234375e-07,274.75,3.751953125,13.3984375,0.00492095947265625,381.0,139.875,50.0,8.4609375,1294.0,455.75,30.375
2023-07-03 02:00:00,306.5,0.0,4.172325134277344e-07,275.5,3.001953125,14.3984375,0.005191802978515625,355.5,117.625,70.0,5.73046875,1294.0,440.25,27.75
2023-07-03 03:00:00,302.25,0.0,4.76837158203125e-07,277.75,0.9404296875,18.5,0.006099700927734375,349.25,0.0,130.0,2.8515625,1294.0,415.75,0.0
2023-07-03 04:00:00,299.75,0.0,4.76837158203125e-07,274.5,2.318359375,16.40625,0.004871368408203125,342.25,0.0,40.0,2.916015625,1294.0,402.75,0.0
2023-07-03 05:00:00,296.5,0.0,4.76837158203125e-07,276.25,1.939453125,21.09375,0.005519866943359375,337.25,-10000.0,120.0,3.3515625,1294.0,386.0,-10000.0
2023-07-03 06:00:00,295.25,0.0,4.76837158203125e-07,277.75,1.6904296875,23.59375,0.0060882568359375,339.25,-10000.0,120.0,2.865234375,1294.0,379.5,-10000.0
2023-07-03 07:00:00,294.75,0.0,4.76837158203125e-07,278.0,2.876953125,29.203125,0.006221771240234375,331.75,-10000.0,80.0,3.8125,1294.0,376.25,-10000.0
2023-07-03 08:00:00,294.25,0.0,5.364418029785156e-07,278.0,2.501953125,29.796875,0.006160736083984375,329.5,-10000.0,70.0,4.265625,1294.0,374.5,-10000.0
2023-07-03 09:00:00,293.75,0.0,5.960464477539062e-07,277.5,3.0625,29.09375,0.005950927734375,328.75,0.0,60.0,4.40234375,1294.0,371.75,0.0
2023-07-03 10:00:00,293.0,0.0,5.364418029785156e-07,277.75,3.314453125,30.09375,0.0060882568359375,327.75,0.0,70.0,5.11328125,1294.0,367.75,0.0
2023-07-03 11:00:00,293.0,0.0,5.960464477539062e-07,277.75,2.939453125,30.0,0.0060882568359375,326.75,0.0,70.0,4.328125,1294.0,367.25,0.0
2023-07-03 12:00:00,293.25,0.0,6.556510925292969e-07,278.5,3.3125,32.09375,0.006450653076171875,327.5,0.0,80.0,4.421875,1294.0,368.75,0.0
2023-07-03 13:00:00,293.75,0.0,6.556510925292969e-07,279.75,2.251953125,36.0,0.006988525390625,326.75,121.1875,50.0,3.185546875,1294.0,371.75,28.125
2023-07-03 14:00:00,298.75,0.0,5.960464477539062e-07,279.75,3.626953125,31.796875,0.007038116455078125,332.0,308.75,-35.0,6.8515625,1294.0,397.0,66.125
2023-07-03 15:00:00,303.0,0.0,5.960464477539062e-07,279.75,2.751953125,28.90625,0.007038116455078125,334.0,507.5,-110.0,4.67578125,1294.0,421.0,101.25
2023-07-03 16:00:00,307.5,0.0,6.556510925292969e-07,279.5,1.5029296875,24.90625,0.006839752197265625,339.0,692.0,-110.0,1.5205078125,1294.0,446.0,130.0
2023-07-03 17:00:00,311.0,0.0,7.152557373046875e-07,278.25,1.7529296875,19.5,0.00624847412109375,346.75,844.0,-100.0,3.384765625,1294.0,467.0,151.625
2023-07-03 18:00:00,312.5,0.0,6.556510925292969e-07,277.5,4.56640625,17.59375,0.0059814453125,351.75,951.0,-60.0,5.8515625,1294.0,476.25,165.625
2023-07-03 19:00:00,313.75,0.0,5.364418029785156e-07,277.5,5.00390625,16.40625,0.006031036376953125,361.0,1002.0,-60.0,7.14453125,1294.0,483.25,172.125
2023-07-03 20:00:00,316.0,0.0,4.76837158203125e-07,277.0,2.939453125,14.703125,0.005771636962890625,371.0,991.0,-80.0,8.328125,1294.0,497.5,170.375
2023-07-03 21:00:00,318.75,0.0,4.172325134277344e-07,273.25,6.44140625,10.5,0.004421234130859375,381.5,898.0,-160.0,10.125,1294.0,515.0,157.125
2023-07-03 22:00:00,318.75,0.0,4.172325134277344e-07,274.5,6.5078125,11.796875,0.004848480224609375,366.25,843.0,-120.0,9.78125,1294.0,515.5,152.625
2023-07-03 23:00:00,316.5,0.0,4.172325134277344e-07,275.25,3.689453125,12.203125,0.005168914794921875,375.0,604.5,-40.0,5.6640625,1294.0,501.5,114.875
2023-07-04 00:00:00,309.25,0.0,4.76837158203125e-07,274.75,3.751953125,13.203125,0.004940032958984375,398.5,192.625,0.0,4.88671875,1294.0,456.75,38.875
2023-07-04 01:00:00,305.25,0.0,5.960464477539062e-07,277.5,0.50244140625,17.59375,0.0059814453125,364.75,242.0,50.0,3.646484375,1294.0,433.75,52.625
2023-07-04 02:00:00,301.75,0.0,8.344650268554688e-07,279.0,3.564453125,22.796875,0.00672149658203125,352.75,111.6875,80.0,7.3046875,1294.0,414.25,26.375
2023-07-04 03:00:00,301.75,0.0,1.4901161193847656e-06,278.0,1.5634765625,20.296875,0.0061798095703125,399.0,0.0,20.0,5.88671875,1294.0,413.75,0.0
2023-07-04 04:00:00,300.25,0.0,2.086162567138672e-06,280.5,2.3125,26.703125,0.007350921630859375,378.5,0.0,90.0,6.359375,1294.0,405.0,0.0
2023-07-04 05:00:00,301.25,0.0,4.410743713378906e-06,276.75,4.19140625,20.59375,0.005710601806640625,392.0,-10000.0,0.0,10.3046875,1294.0,411.75,-10000.0
2023-07-04 06:00:00,299.75,0.0,4.351139068603516e-06,278.75,6.1875,25.40625,0.006500244140625,342.0,-10000.0,40.0,13.03125,1294.0,403.25,-10000.0
2023-07-04 07:00:00,299.5,0.0,4.5299530029296875e-06,277.75,2.50390625,24.40625,0.006038665771484375,384.5,-10000.0,10.0,8.859375,1294.0,402.25,-10000.0
2023-07-04 08:00:00,298.0,0.0,3.5762786865234375e-06,279.25,2.064453125,28.40625,0.006778717041015625,380.5,-10000.0,80.0,6.48046875,1294.0,393.0,-10000.0
2023-07-04 09:00:00,296.25,0.0,2.7418136596679688e-06,280.0,1.1904296875,31.09375,0.007091522216796875,381.75,0.0,90.0,3.861328125,1294.0,384.0,0.0
2023-07-04 10:00:00,296.0,0.0,2.4437904357910156e-06,282.0,0.68994140625,40.09375,0.008209228515625,343.0,0.0,60.0,0.99462890625,1294.0,382.75,0.0
2023-07-04 11:00:00,294.5,0.0,2.086162567138672e-06,285.0,0.43798828125,50.59375,0.0099334716796875,383.25,0.0,120.0,2.849609375,1294.0,376.0,0.0
2023-07-04 12:00:00,295.25,0.0,1.7285346984863281e-06,287.25,0.876953125,62.40625,0.01152801513671875,381.5,0.0,20.0,2.970703125,1294.0,378.75,0.0
2023-07-04 13:00:00,297.25,0.0,1.6093254089355469e-06,283.5,1.376953125,48.0,0.00907135009765625,373.0,35.40625,-130.0,1.662109375,1294.0,389.75,8.25
2023-07-04 14:00:00,299.0,0.0,1.8477439880371094e-06,279.75,2.875,31.40625,0.006938934326171875,379.5,47.90625,-50.0,5.44140625,1294.0,399.0,10.2734375
2023-07-04 15:00:00,301.75,0.0,2.2649765014648438e-06,280.5,2.751953125,29.90625,0.00733184814453125,337.0,501.0,-30.0,3.638671875,1294.0,414.25,100.0
2023-07-04 16:00:00,305.5,0.0,2.6226043701171875e-06,279.0,0.689453125,24.796875,0.006641387939453125,341.75,680.0,-70.0,1.84765625,1294.0,435.25,127.875
2023-07-04 17:00:00,306.5,0.0,2.384185791015625e-06,285.75,4.0,43.1875,0.010467529296875,344.0,819.0,30.0,4.40234375,1294.0,440.75,147.25
2023-07-04 18:00:00,309.25,0.0,2.3245811462402344e-06,282.75,3.44140625,33.5,0.00853729248046875,395.0,120.0,50.0,4.34375,1294.0,456.0,20.875
2023-07-04 19:00:00,304.25,0.0,2.205371856689453e-06,283.75,4.625,36.8125,0.009246826171875,394.5,395.0,20.0,5.1484375,1294.0,427.75,67.875
2023-07-04 20:00:00,310.25,0.0,2.682209014892578e-06,279.5,3.755859375,25.59375,0.006839752197265625,343.75,971.0,-60.0,4.8671875,1294.0,462.25,167.0
2023-07-04 21:00:00,310.5,0.0,2.6226043701171875e-06,276.75,6.19140625,21.0,0.005718231201171875,377.5,333.0,-50.0,7.40625,1294.0,464.25,58.25
2023-07-04 22:00:00,310.25,0.0,2.384185791015625e-06,278.0,3.94140625,22.90625,0.006221771240234375,344.25,807.0,-40.0,6.3984375,1294.0,462.75,146.25
2023-07-04 23:00:00,309.75,0.0,2.3245811462402344e-06,278.25,4.62890625,22.59375,0.006320953369140625,345.5,686.5,-20.0,6.76953125,1294.0,459.25,130.5
2023-07-05 00:00:00,308.25,0.0,2.5033950805664062e-06,277.5,2.439453125,21.0,0.00601959228515625,344.0,506.75,0.0,4.17578125,1294.0,450.25,102.5
2023-07-05 01:00:00,306.25,0.0,2.205371856689453e-06,277.5,0.06280517578125,20.5,0.00601959228515625,346.25,308.75,20.0,2.6953125,1294.0,439.25,67.25
2023-07-05 02:00:00,303.75,0.0,2.0265579223632812e-06,277.5,1.1884765625,20.40625,0.005970001220703125,348.0,116.625,60.0,2.220703125,1294.0,424.5,27.5
2023-07-05 03:00:00,300.75,0.0,1.9073486328125e-06,277.0,3.0,20.59375,0.005748748779296875,343.25,0.0,70.0,4.75390625,1294.0,407.5,0.0
2023-07-05 04:00:00,298.25,0.0,1.7881393432617188e-06,279.75,2.6875,28.90625,0.006961822509765625,340.0,0.0,70.0,6.328125,1294.0,394.5,0.0
2023-07-05 05:00:00,297.25,0.0,1.6689300537109375e-06,281.0,1.751953125,34.59375,0.007640838623046875,336.5,-10000.0,20.0,2.916015625,1294.0,389.25,-10000.0
2023-07-05 06:00:00,295.5,0.0,1.6093254089355469e-06,282.25,1.5654296875,39.6875,0.00829315185546875,331.5,-10000.0,80.0,1.5625,1294.0,380.75,-10000.0
2023-07-05 07:00:00,295.0,0.0,1.4901161193847656e-06,282.75,2.626953125,46.59375,0.00858306884765625,326.0,-10000.0,10.0,2.67578125,1294.0,377.5,-10000.0
2023-07-05 08:00:00,293.0,0.0,1.3709068298339844e-06,281.25,2.564453125,42.1875,0.0078277587890625,322.25,-10000.0,60.0,2.728515625,1294.0,367.25,-10000.0
2023-07-05 09:00:00,291.0,0.0,1.430511474609375e-06,281.25,1.689453125,43.8125,0.007740020751953125,320.5,0.0,90.0,1.7294921875,1294.0,357.75,0.0
2023-07-05 10:00:00,290.25,0.0,1.3709068298339844e-06,281.0,1.4384765625,46.1875,0.00762176513671875,317.25,0.0,60.0,1.4375,1294.0,354.75,0.0
2023-07-05 11:00:00,289.0,0.0,1.3113021850585938e-06,283.25,0.50244140625,56.90625,0.00882720947265625,313.25,0.0,120.0,1.015625,1294.0,348.25,0.0
2023-07-05 12:00:00,289.25,0.0,1.3113021850585938e-06,281.25,0.68798828125,48.40625,0.00775909423828125,317.25,0.0,20.0,1.0908203125,1294.0,349.25,0.0
2023-07-05 13:00:00,290.5,0.0,1.3709068298339844e-06,282.25,0.6884765625,57.40625,0.00824737548828125,314.0,116.8125,26.0,0.72900390625,1294.0,355.5,27.125
2023-07-05 14:00:00,297.0,0.0,1.430511474609375e-06,281.5,0.18896484375,47.0,0.00785064697265625,318.75,304.75,-180.0,0.7744140625,1294.0,388.75,65.375
2023-07-05 15:00:00,300.75,0.0,1.3113021850585938e-06,282.5,1.3134765625,44.8125,0.0084991455078125,319.75,505.0,-110.0,1.6943359375,1294.0,408.75,100.875
2023-07-05 16:00:00,304.0,0.0,1.1920928955078125e-06,282.25,0.56689453125,40.1875,0.00833892822265625,325.5,689.0,-60.0,0.9482421875,1294.0,426.5,129.75
2023-07-05 17:00:00,307.5,0.0,1.1324882507324219e-06,282.25,1.376953125,36.6875,0.00833892822265625,329.75,844.0,-70.0,1.7099609375,1294.0,445.75,151.875
2023-07-05 18:00:00,310.0,0.0,1.2516975402832031e-06,282.0,1.9384765625,33.8125,0.00821685791015625,337.5,947.0,-110.0,2.158203125,1294.0,461.0,165.25
2023-07-05 19:00:00,311.0,0.0,1.1920928955078125e-06,282.75,2.87890625,34.0,0.00858306884765625,344.75,1000.0,-60.0,3.6171875,1294.0,467.25,171.875
2023-07-05 20:00:00,313.0,0.0,1.0728836059570312e-06,283.0,3.37890625,32.1875,0.00872039794921875,350.0,999.0,-80.0,4.640625,1294.0,478.25,171.875
2023-07-05 21:00:00,312.5,0.0,1.1920928955078125e-06,282.5,3.251953125,29.203125,0.00836181640625,351.75,945.0,-20.0,4.58203125,1294.0,475.25,165.625
2023-07-05 22:00:00,312.75,0.0,1.3709068298339844e-06,281.5,3.44140625,26.796875,0.00789642333984375,350.25,842.0,-30.0,4.984375,1294.0,478.0,152.5
2023-07-05 23:00:00,312.25,0.0,1.4901161193847656e-06,278.0,4.31640625,20.09375,0.006191253662109375,348.75,692.0,-20.0,5.96484375,1294.0,473.75,131.625
2023-07-06 00:00:00,310.0,0.0,1.7285346984863281e-06,275.5,3.064453125,16.59375,0.005168914794921875,346.0,510.5,-10.0,6.21875,1294.0,461.25,103.25
2023-07-06 01:00:00,307.5,0.0,1.9073486328125e-06,275.25,2.62890625,16.40625,0.0050811767578125,344.75,311.5,10.0,5.921875,1294.0,446.5,67.875
2023-07-06 02:00:00,303.75,0.0,1.9073486328125e-06,275.75,2.1875,17.703125,0.005290985107421875,341.25,119.6875,80.0,3.373046875,1294.0,425.0,28.25
2023-07-06 03:00:00,300.25,0.0,1.9073486328125e-06,275.0,1.876953125,18.0,0.0050201416015625,336.75,0.0,80.0,2.943359375,1294.0,405.75,0.0
2023-07-06 04:00:00,298.25,0.0,1.9073486328125e-06,273.0,0.251953125,16.59375,0.0043792724609375,333.0,0.0,40.0,2.31640625,1294.0,395.0,0.0
2023-07-06 05:00:00,294.75,0.0,2.3245811462402344e-06,273.75,1.314453125,20.0,0.004608154296875,327.75,-10000.0,110.0,3.3515625,1294.0,376.25,-10000.0
2023-07-06 06:00:00,293.75,0.0,2.682209014892578e-06,275.25,1.3779296875,22.203125,0.005069732666015625,327.0,-10000.0,110.0,2.427734375,1294.0,372.0,-10000.0
2023-07-06 07:00:00,293.25,0.0,2.7418136596679688e-06,276.25,1.751953125,26.703125,0.005489349365234375,353.75,-10000.0,90.0,1.7666015625,1294.0,369.25,-10000.0
2023-07-06 08:00:00,295.5,0.0,2.8014183044433594e-06,274.5,1.626953125,23.203125,0.004810333251953125,377.0,-10000.0,0.0,2.09375,1294.0,380.25,-10000.0
2023-07-06 09:00:00,295.25,0.0,2.3245811462402344e-06,275.25,2.314453125,26.09375,0.00514984130859375,384.5,0.0,50.0,3.11328125,1294.0,378.5,0.0
2023-07-06 10:00:00,294.25,0.0,2.086162567138672e-06,277.25,1.9384765625,31.09375,0.005859375,377.5,0.0,70.0,2.34375,1294.0,373.5,0.0
2023-07-06 11:00:00,294.75,0.0,2.1457672119140625e-06,277.5,1.564453125,30.59375,0.00598907470703125,390.0,0.0,20.0,2.39453125,1294.0,377.0,0.0
2023-07-06 12:00:00,296.0,0.0,2.3245811462402344e-06,277.5,2.064453125,29.90625,0.00601959228515625,385.75,0.0,-10.0,2.583984375,1294.0,383.25,0.0
2023-07-06 13:00:00,295.5,0.0,2.2649765014648438e-06,277.75,0.814453125,31.40625,0.006099700927734375,340.5,83.625,50.0,0.99169921875,1294.0,380.75,19.5
2023-07-06 14:00:00,293.25,0.0,1.9669532775878906e-06,281.0,2.626953125,41.1875,0.00762939453125,377.75,23.703125,100.0,3.248046875,1294.0,368.5,5.140625
2023-07-06 15:00:00,299.25,0.0,1.9669532775878906e-06,281.25,1.25390625,38.09375,0.00778961181640625,383.25,31.40625,-61.0,3.099609375,1294.0,400.5,6.25390625
2023-07-06 16:00:00,303.25,0.0,1.9073486328125e-06,281.25,2.626953125,33.59375,0.007709503173828125,379.0,155.0,-79.0,2.599609375,1294.0,422.25,29.265625
2023-07-06 17:00:00,305.75,0.0,1.7881393432617188e-06,280.5,0.8759765625,30.0,0.00730133056640625,389.5,67.0,-58.0,1.51171875,1294.0,436.0,12.1328125
2023-07-06 18:00:00,307.25,0.0,1.7881393432617188e-06,280.5,1.31640625,28.59375,0.0073699951171875,399.5,36.0,0.0,2.498046875,1294.0,444.0,6.2578125
2023-07-06 19:00:00,310.5,0.0,1.9073486328125e-06,280.0,2.06640625,24.703125,0.007080078125,346.75,995.0,-100.0,4.71484375,1294.0,464.0,171.25
2023-07-06 20:00:00,312.5,0.0,1.9073486328125e-06,277.0,1.8759765625,19.203125,0.00582122802734375,347.75,1000.0,-110.0,4.5,1294.0,476.5,172.125
2023-07-06 21:00:00,312.5,0.0,1.9073486328125e-06,274.0,2.06640625,14.296875,0.00463104248046875,361.5,762.0,-100.0,3.66015625,1294.0,476.25,133.5
2023-07-06 22:00:00,312.0,0.0,2.384185791015625e-06,273.75,5.81640625,14.296875,0.004550933837890625,340.25,848.0,-80.0,8.0390625,1294.0,473.25,153.625
2023-07-06 23:00:00,311.5,0.0,1.7881393432617188e-06,274.0,4.0078125,14.3984375,0.004669189453125,344.5,696.0,-30.0,6.23828125,1294.0,469.5,132.375
2023-07-07 00:00:00,309.75,0.0,1.8477439880371094e-06,273.25,3.81640625,13.703125,0.0044403076171875,343.5,511.5,-20.0,5.24609375,1294.0,459.25,103.5
2023-07-07 01:00:00,306.5,0.0,1.9669532775878906e-06,273.5,4.31640625,14.296875,0.004520416259765625,342.5,310.5,30.0,5.5703125,1294.0,441.0,67.75
2023-07-07 02:00:00,303.75,0.0,2.086162567138672e-06,272.0,4.0625,13.203125,0.00402069091796875,339.75,117.625,20.0,6.0703125,1294.0,424.25,27.875
2023-07-07 03:00:00,299.75,0.0,2.0265579223632812e-06,274.0,1.564453125,16.59375,0.004718780517578125,335.0,0.0,90.0,3.759765625,1294.0,402.25,0.0
2023-07-07 04:00:00,299.25,0.0,1.9669532775878906e-06,273.25,0.564453125,16.5,0.004451751708984375,356.75,0.0,30.0,2.109375,1294.0,399.75,0.0
2023-07-07 05:00:00,295.25,0.0,2.2649765014648438e-06,276.75,1.439453125,23.90625,0.00569915771484375,332.25,-10000.0,110.0,3.384765625,1294.0,379.75,-10000.0
2023-07-07 06:00:00,295.75,0.0,2.0265579223632812e-06,275.0,3.064453125,19.90625,0.005001068115234375,337.5,-10000.0,70.0,6.7109375,1294.0,382.0,-10000.0
2023-07-07 07:00:00,296.0,0.0,2.0265579223632812e-06,276.0,1.376953125,24.296875,0.005451202392578125,377.0,-10000.0,70.0,7.796875,1294.0,382.5,-10000.0
2023-07-07 08:00:00,295.5,0.0,5.125999450683594e-06,275.0,1.9384765625,22.09375,0.005039215087890625,376.0,-10000.0,45.0,6.90625,1294.0,380.25,-10000.0
2023-07-07 09:00:00,294.25,0.0,5.602836608886719e-06,276.0,2.314453125,24.296875,0.005420684814453125,326.0,0.0,90.0,7.91796875,1294.0,373.75,0.0
2023-07-07 10:00:00,293.0,0.0,3.874301910400391e-06,276.25,2.689453125,25.59375,0.00547027587890625,324.5,0.0,80.0,3.75390625,1294.0,368.25,0.0
2023-07-07 11:00:00,293.0,0.0,3.2782554626464844e-06,277.0,1.6259765625,29.203125,0.00585174560546875,339.5,0.0,80.0,2.076171875,1294.0,367.5,0.0
2023-07-07 12:00:00,293.75,0.0,3.635883331298828e-06,276.5,1.626953125,29.703125,0.005619049072265625,318.5,0.0,50.0,2.208984375,1294.0,372.25,0.0
2023-07-07 13:00:00,295.5,0.0,3.516674041748047e-06,276.0,2.564453125,26.09375,0.00534820556640625,317.75,116.3125,8.0,4.55078125,1294.0,380.75,27.125
2023-07-07 14:00:00,296.0,0.0,3.635883331298828e-06,276.25,4.06640625,26.0,0.005481719970703125,371.0,37.1875,41.0,6.5,1294.0,383.25,8.0078125
2023-07-07 15:00:00,301.75,0.0,3.3974647521972656e-06,278.0,2.75,26.703125,0.006198883056640625,330.75,475.0,-57.0,5.6796875,1294.0,414.0,95.0
2023-07-07 16:00:00,305.0,0.0,3.993511199951172e-06,276.75,4.00390625,22.796875,0.005710601806640625,340.5,578.0,-30.0,4.98046875,1294.0,432.25,109.0
2023-07-07 17:00:00,306.75,0.0,6.616115570068359e-06,277.5,2.876953125,21.703125,0.00595855712890625,373.0,498.0,30.0,4.1796875,1294.0,441.75,89.625
2023-07-07 18:00:00,312.0,0.0,1.4424324035644531e-05,276.25,2.81640625,18.09375,0.00553131103515625,339.75,941.0,-100.0,4.375,1294.0,473.5,164.375
2023-07-07 19:00:00,313.5,0.0,1.7464160919189453e-05,271.0,3.37890625,11.703125,0.0037593841552734375,333.0,1014.0,-80.0,4.640625,1294.0,482.0,174.5
2023-07-07 20:00:00,316.0,0.0,1.2993812561035156e-05,270.25,1.8779296875,10.3984375,0.003559112548828125,339.25,1011.0,-110.0,3.791015625,1294.0,497.25,174.25
2023-07-07 21:00:00,316.75,0.0,1.2099742889404297e-05,268.5,2.00390625,8.703125,0.00312042236328125,339.25,964.0,-110.0,3.708984375,1294.0,502.0,169.125
2023-07-07 22:00:00,315.5,0.0,1.9311904907226562e-05,271.25,0.87939453125,10.296875,0.003810882568359375,345.5,842.0,-70.0,2.98046875,1294.0,494.5,152.625
2023-07-07 23:00:00,314.75,0.0,2.2113323211669922e-05,272.0,1.1904296875,10.8984375,0.00408935546875,348.25,694.5,-40.0,3.736328125,1294.0,489.25,132.25
2023-07-08 00:00:00,312.5,0.0,2.008676528930664e-05,272.5,3.75390625,11.1015625,0.004238128662109375,352.0,509.5,-10.0,5.69921875,1294.0,475.75,103.125
2023-07-08 01:00:00,308.75,0.0,1.8417835235595703e-05,274.25,3.505859375,13.1015625,0.0047607421875,366.75,261.5,60.0,5.76953125,1294.0,454.0,57.0
2023-07-08 02:00:00,306.5,0.0,1.519918441772461e-05,275.0,2.9453125,14.203125,0.005031585693359375,355.5,112.875,70.0,4.16015625,1294.0,440.5,26.75
2023-07-08 03:00:00,302.0,0.0,1.055002212524414e-05,278.75,0.8154296875,21.296875,0.006549835205078125,347.25,0.0,160.0,3.857421875,1294.0,414.5,0.0
2023-07-08 04:00:00,301.0,0.0,9.417533874511719e-06,279.0,2.626953125,23.296875,0.00672149658203125,342.75,0.0,80.0,10.765625,1294.0,409.75,0.0
2023-07-08 05:00:00,299.0,0.0,1.1146068572998047e-05,279.5,2.1875,26.5,0.00698089599609375,334.5,-10000.0,110.0,12.671875,1294.0,399.5,-10000.0
2023-07-08 06:00:00,297.75,0.0,1.1801719665527344e-05,278.0,1.8134765625,25.40625,0.0062713623046875,330.5,-10000.0,100.0,13.03125,1294.0,392.75,-10000.0
2023-07-08 07:00:00,296.75,0.0,1.1086463928222656e-05,279.0,3.751953125,29.40625,0.006671905517578125,325.75,-10000.0,90.0,4.03125,1294.0,386.75,-10000.0
2023-07-08 08:00:00,295.75,0.0,1.1444091796875e-05,279.0,1.8134765625,30.703125,0.006649017333984375,322.0,-10000.0,90.0,9.046875,1294.0,381.5,-10000.0
2023-07-08 09:00:00,294.0,0.0,1.1086463928222656e-05,279.5,5.75390625,32.5,0.00695037841796875,322.5,0.0,110.0,13.296875,1294.0,372.25,0.0
2023-07-08 10:00:00,294.25,0.0,1.1086463928222656e-05,279.5,4.6875,32.5,0.006908416748046875,320.25,0.0,90.0,8.09375,1294.0,374.0,0.0
2023-07-08 11:00:00,294.5,0.0,9.775161743164062e-06,279.25,4.1875,34.3125,0.00682830810546875,318.75,0.0,80.0,7.41796875,1294.0,375.75,0.0
2023-07-08 12:00:00,293.25,0.0,8.165836334228516e-06,281.0,3.3125,38.3125,0.007640838623046875,318.5,0.0,130.0,5.78125,1294.0,369.25,0.0
2023-07-08 13:00:00,293.75,0.0,7.987022399902344e-06,281.25,2.501953125,42.5,0.007843017578125,317.0,113.625,70.0,3.240234375,1294.0,372.0,26.5
2023-07-08 14:00:00,296.5,0.0,7.271766662597656e-06,281.0,5.0625,36.8125,0.00762939453125,320.0,304.0,58.0,9.046875,1294.0,385.75,65.375
2023-07-08 15:00:00,300.5,0.0,6.318092346191406e-06,280.25,6.06640625,32.40625,0.0073089599609375,324.5,502.0,-2.0,8.5234375,1294.0,407.25,100.625
2023-07-08 16:00:00,304.25,0.0,6.67572021484375e-06,279.75,4.4375,28.703125,0.00701141357421875,332.0,683.0,-50.0,5.8984375,1294.0,428.25,128.875
2023-07-08 17:00:00,307.75,0.0,6.4373016357421875e-06,277.25,2.626953125,22.296875,0.005859375,332.75,839.0,-40.0,4.36328125,1294.0,448.0,151.25
2023-07-08 18:00:00,310.75,0.0,5.4836273193359375e-06,276.0,1.81640625,18.90625,0.005428314208984375,334.5,953.0,-50.0,3.40234375,1294.0,466.0,166.5
2023-07-08 19:00:00,313.75,0.0,5.602836608886719e-06,274.0,2.5,15.1015625,0.004711151123046875,338.75,1011.0,-110.0,2.578125,1294.0,483.5,174.0
2023-07-08 20:00:00,314.25,0.0,5.304813385009766e-06,275.75,1.7529296875,16.0,0.0052490234375,343.0,1011.0,-30.0,2.158203125,1294.0,486.25,174.25
2023-07-08 21:00:00,315.5,0.0,5.424022674560547e-06,276.25,2.439453125,16.296875,0.0055084228515625,350.0,951.0,-90.0,2.935546875,1294.0,494.5,166.875
2023-07-08 22:00:00,314.75,0.0,9.59634780883789e-06,278.0,2.75390625,17.703125,0.0062408447265625,358.5,828.0,-40.0,4.76953125,1294.0,489.25,150.25
2023-07-08 23:00:00,313.25,0.0,5.424022674560547e-06,279.0,2.751953125,19.09375,0.0067291259765625,365.0,684.0,-20.0,5.39453125,1294.0,479.75,130.25
2023-07-09 00:00:00,312.5,0.0,4.827976226806641e-06,276.75,2.689453125,15.8984375,0.0056915283203125,361.5,505.0,-40.0,5.90234375,1294.0,475.75,102.375
2023-07-09 01:00:00,309.5,0.0,4.589557647705078e-06,277.5,2.626953125,16.796875,0.006000518798828125,361.25,306.25,30.0,5.75390625,1294.0,458.25,66.875
2023-07-09 02:00:00,306.0,0.0,3.874301910400391e-06,276.25,3.6875,16.0,0.0055389404296875,355.75,115.875,70.0,6.51171875,1294.0,437.75,27.5
2023-07-09 03:00:00,301.25,0.0,3.874301910400391e-06,278.75,3.125,21.703125,0.006591796875,348.0,0.0,170.0,6.79296875,1294.0,411.0,0.0
2023-07-09 04:00:00,302.0,0.0,3.516674041748047e-06,276.75,1.3779296875,20.296875,0.00566864013671875,344.25,0.0,-10.0,1.619140625,1294.0,414.75,0.0
2023-07-09 05:00:00,298.75,0.0,3.2186508178710938e-06,278.5,2.751953125,26.09375,0.00640106201171875,334.75,-10000.0,80.0,3.15625,1294.0,397.5,-10000.0
2023-07-09 06:00:00,297.0,0.0,2.9206275939941406e-06,280.25,2.001953125,31.203125,0.00724029541015625,332.5,-10000.0,90.0,2.04296875,1294.0,389.0,-10000.0
2023-07-09 07:00:00,296.25,0.0,2.7418136596679688e-06,277.0,1.8173828125,23.296875,0.005771636962890625,331.25,-10000.0,70.0,6.90234375,1294.0,384.75,-10000.0
2023-07-09 08:00:00,295.25,0.0,2.7418136596679688e-06,278.0,2.751953125,25.90625,0.0061798095703125,329.5,-10000.0,90.0,8.171875,1294.0,379.0,-10000.0
2023-07-09 09:00:00,296.5,0.0,3.039836883544922e-06,278.25,5.75,27.90625,0.006328582763671875,329.5,0.0,60.0,8.40625,1294.0,385.5,0.0
2023-07-09 10:00:00,294.25,0.0,2.9206275939941406e-06,278.75,2.62890625,32.5,0.006561279296875,318.5,0.0,80.0,4.16015625,1294.0,373.75,0.0
2023-07-09 11:00:00,293.25,0.0,3.4570693969726562e-06,279.5,3.189453125,35.5,0.00695037841796875,317.25,0.0,80.0,5.2265625,1294.0,369.0,0.0
2023-07-09 12:00:00,292.5,0.0,2.7418136596679688e-06,279.75,2.876953125,38.6875,0.006969451904296875,314.75,0.0,102.0,4.41796875,1294.0,365.5,0.0
2023-07-09 13:00:00,292.75,0.0,2.682209014892578e-06,281.75,2.875,45.0,0.00801849365234375,313.5,113.1875,69.0,3.791015625,1294.0,366.25,26.5
2023-07-09 14:00:00,296.5,0.0,2.8014183044433594e-06,280.0,3.126953125,35.09375,0.007190704345703125,308.5,308.75,40.0,6.4765625,1294.0,385.25,66.5
2023-07-09 15:00:00,300.75,0.0,2.562999725341797e-06,278.25,2.56640625,27.703125,0.006359100341796875,307.25,516.5,-10.0,6.84765625,1294.0,408.75,103.5
2023-07-09 16:00:00,305.75,0.0,2.384185791015625e-06,271.25,5.19140625,13.5,0.003810882568359375,311.25,710.0,-49.0,8.4609375,1294.0,436.25,134.0
2023-07-09 17:00:00,309.25,0.0,2.205371856689453e-06,269.5,4.19140625,11.0,0.003330230712890625,319.0,863.0,-60.0,6.2421875,1294.0,456.0,155.75
2023-07-09 18:00:00,313.5,0.0,2.2649765014648438e-06,269.0,6.125,9.6015625,0.0032405853271484375,325.0,975.0,-120.0,7.71484375,1294.0,483.0,170.5
2023-07-09 19:00:00,315.0,0.0,2.3245811462402344e-06,268.75,5.69140625,9.0,0.0031795501708984375,332.25,1030.0,-80.0,6.96875,1294.0,490.75,177.375
2023-07-09 20:00:00,316.5,0.0,2.86102294921875e-06,268.0,4.75390625,7.8984375,0.00299072265625,336.5,1031.0,-90.0,5.7109375,1294.0,501.0,177.875
2023-07-09 21:00:00,317.5,0.0,3.3974647521972656e-06,266.75,5.06640625,6.8984375,0.002719879150390625,340.5,972.0,-100.0,6.61328125,1294.0,507.5,170.75
2023-07-09 22:00:00,317.25,0.0,3.2186508178710938e-06,265.5,5.56640625,6.1015625,0.0024890899658203125,338.5,869.0,-70.0,7.02734375,1294.0,506.0,157.625
2023-07-09 23:00:00,316.0,0.0,2.682209014892578e-06,267.0,5.125,6.6015625,0.00276947021484375,341.75,712.0,-40.0,8.1796875,1294.0,497.75,135.625
2023-07-10 00:00:00,313.75,0.0,2.3245811462402344e-06,267.75,4.56640625,7.0,0.0029296875,346.75,521.5,-20.0,8.0859375,1294.0,484.25,105.75
2023-07-10 01:00:00,312.0,0.0,1.430511474609375e-06,269.0,3.5625,7.80078125,0.0032501220703125,352.75,315.75,-10.0,7.7265625,1294.0,473.25,68.875
2023-07-10 02:00:00,308.5,0.0,1.3709068298339844e-06,271.5,0.377197265625,9.3984375,0.0039215087890625,355.75,117.5,80.0,7.0390625,1294.0,451.25,27.875
2023-07-10 03:00:00,303.75,0.0,1.8477439880371094e-06,273.75,1.5048828125,13.0,0.004619598388671875,359.25,0.0,120.0,2.9296875,1294.0,424.75,0.0
2023-07-10 04:00:00,301.0,0.0,2.086162567138672e-06,274.75,0.3759765625,16.0,0.004970550537109375,361.25,0.0,80.0,1.064453125,1294.0,409.5,0.0
2023-07-10 05:00:00,299.75,0.0,2.1457672119140625e-06,276.25,1.564453125,18.703125,0.005489349365234375,375.0,-10000.0,120.0,2.3046875,1294.0,403.25,-10000.0
2023-07-10 06:00:00,299.75,0.0,2.9802322387695312e-06,278.25,2.69140625,20.703125,0.006378173828125,363.5,-10000.0,90.0,7.62109375,1294.0,403.0,-10000.0
2023-07-10 07:00:00,300.25,0.0,2.6226043701171875e-06,276.75,3.064453125,19.0,0.005718231201171875,349.25,-10000.0,90.0,9.3125,1294.0,405.25,-10000.0
2023-07-10 08:00:00,298.25,0.0,2.562999725341797e-06,277.25,3.314453125,21.59375,0.005939483642578125,341.25,-10000.0,110.0,10.96875,1294.0,395.5,-10000.0
2023-07-10 09:00:00,299.75,0.0,2.6226043701171875e-06,276.0,3.69140625,19.59375,0.00537872314453125,336.25,0.0,43.0,10.8359375,1294.0,403.25,0.0
2023-07-10 10:00:00,298.25,0.0,2.086162567138672e-06,278.0,3.75,24.703125,0.006168365478515625,331.5,0.0,70.0,6.98046875,1294.0,395.5,0.0
2023-07-10 11:00:00,296.5,0.0,3.159046173095703e-06,278.75,2.94140625,28.703125,0.006580352783203125,329.25,0.0,110.0,5.33203125,1294.0,385.25,0.0
2023-07-10 12:00:00,295.75,0.0,3.4570693969726562e-06,278.75,2.751953125,29.796875,0.006549835205078125,325.5,0.0,60.0,4.97265625,1294.0,382.0,0.0
2023-07-10 13:00:00,296.5,0.0,3.3974647521972656e-06,277.5,2.814453125,27.09375,0.006000518798828125,324.0,111.0,30.0,6.55859375,1294.0,385.25,26.0
2023-07-10 14:00:00,300.0,0.0,2.682209014892578e-06,278.25,6.25,24.40625,0.006259918212890625,329.25,301.75,50.0,13.1796875,1294.0,403.5,65.125
2023-07-10 15:00:00,304.75,0.0,2.384185791015625e-06,275.5,7.125,19.09375,0.005191802978515625,329.25,502.0,-40.0,11.953125,1294.0,430.0,100.75
2023-07-10 16:00:00,308.0,0.0,2.384185791015625e-06,275.0,6.56640625,17.5,0.005039215087890625,330.5,691.0,-60.0,9.71875,1294.0,448.5,130.625
2023-07-10 17:00:00,311.75,0.0,5.185604095458984e-06,272.25,7.375,13.1015625,0.004070281982421875,330.25,850.0,-100.0,10.140625,1294.0,471.75,153.375
2023-07-10 18:00:00,313.75,0.0,4.589557647705078e-06,272.0,7.44140625,12.203125,0.004009246826171875,334.5,961.0,-70.0,9.8203125,1294.0,483.75,168.25
2023-07-10 19:00:00,315.25,0.0,2.9206275939941406e-06,271.25,7.5078125,11.1015625,0.003810882568359375,335.75,1021.0,-70.0,10.234375,1294.0,492.75,176.0
2023-07-10 20:00:00,315.75,0.0,2.205371856689453e-06,270.75,7.3125,10.5,0.0036792755126953125,335.5,1026.0,-60.0,10.1875,1294.0,496.0,177.125
2023-07-10 21:00:00,316.0,0.0,2.086162567138672e-06,270.25,7.31640625,9.6015625,0.003509521484375,337.25,972.0,-40.0,9.4140625,1294.0,497.25,170.625
2023-07-10 22:00:00,315.25,0.0,1.7881393432617188e-06,268.25,6.125,8.203125,0.003040313720703125,335.0,866.0,-30.0,8.59375,1294.0,493.5,157.25
2023-07-10 23:00:00,314.25,0.0,1.7881393432617188e-06,268.0,5.4375,7.80078125,0.00299072265625,337.0,713.0,0.0,6.66796875,1294.0,486.75,135.875
2023-07-11 00:00:00,312.5,0.0,2.086162567138672e-06,266.25,5.19140625,6.69921875,0.002620697021484375,334.75,528.5,20.0,7.21875,1294.0,476.5,107.25
2023-07-11 01:00:00,310.25,0.0,2.0265579223632812e-06,265.75,5.44140625,6.5,0.0025005340576171875,330.0,324.25,60.0,7.375,1294.0,462.0,70.875
2023-07-11 02:00:00,307.25,0.0,1.6093254089355469e-06,267.0,3.626953125,7.3984375,0.0027904510498046875,331.75,122.625,80.0,5.62890625,1294.0,444.75,29.125
2023-07-11 03:00:00,303.0,0.0,1.3709068298339844e-06,267.25,2.25,8.203125,0.00283050537109375,331.75,0.0,120.0,5.30859375,1294.0,420.75,0.0
2023-07-11 04:00:00,299.25,0.0,1.1920928955078125e-06,267.25,2.751953125,10.3984375,0.002819061279296875,315.75,0.0,90.0,4.96875,1294.0,399.75,0.0
2023-07-11 05:00:00,296.75,0.0,1.0132789611816406e-06,270.0,2.3125,14.203125,0.003490447998046875,312.75,-10000.0,120.0,3.255859375,1294.0,387.0,-10000.0
2023-07-11 06:00:00,296.0,0.0,9.5367431640625e-07,271.0,2.876953125,15.6015625,0.0037097930908203125,314.25,-10000.0,90.0,3.42578125,1294.0,383.0,-10000.0
2023-07-11 07:00:00,294.75,0.0,8.940696716308594e-07,269.25,3.50390625,14.203125,0.0032806396484375,308.75,-10000.0,70.0,4.20703125,1294.0,377.0,-10000.0
2023-07-11 08:00:00,293.25,0.0,8.344650268554688e-07,269.0,3.376953125,14.8984375,0.0032100677490234375,302.0,-10000.0,70.0,4.7578125,1294.0,368.75,-10000.0
2023-07-11 09:00:00,293.25,0.0,8.940696716308594e-07,270.25,4.1875,17.09375,0.0035400390625,300.0,0.0,60.0,5.05078125,1294.0,369.0,0.0
2023-07-11 10:00:00,293.0,0.0,1.1920928955078125e-06,269.25,3.1875,16.09375,0.0032806396484375,300.0,0.0,60.0,3.650390625,1294.0,367.25,0.0
2023-07-11 11:00:00,293.25,0.0,1.3113021850585938e-06,268.75,3.001953125,15.1015625,0.00315093994140625,305.5,0.0,70.0,3.677734375,1294.0,369.0,0.0
2023-07-11 12:00:00,293.25,0.0,1.430511474609375e-06,268.5,3.689453125,15.0,0.0031108856201171875,308.0,0.0,40.0,3.779296875,1294.0,369.0,0.0
2023-07-11 13:00:00,292.75,0.0,1.7881393432617188e-06,271.25,1.751953125,17.5,0.0038394927978515625,311.5,112.625,70.0,1.767578125,1294.0,367.0,26.375
2023-07-11 14:00:00,298.75,0.0,1.9669532775878906e-06,271.5,2.439453125,17.296875,0.0039215087890625,310.25,307.5,-70.0,4.03125,1294.0,397.0,66.375
2023-07-11 15:00:00,303.25,0.0,1.9073486328125e-06,273.0,5.0625,16.90625,0.004360198974609375,313.25,512.5,-80.0,9.0078125,1294.0,421.75,103.0
2023-07-11 16:00:00,307.0,0.0,1.6093254089355469e-06,273.0,5.87890625,15.203125,0.00431060791015625,316.75,703.0,-60.0,9.0390625,1294.0,443.0,133.125
2023-07-11 17:00:00,311.0,0.0,1.430511474609375e-06,273.0,6.75,14.0,0.004329681396484375,324.25,858.0,-90.0,8.8984375,1294.0,466.0,154.875
2023-07-11 18:00:00,314.0,0.0,1.6093254089355469e-06,269.75,6.69140625,10.0,0.0033893585205078125,331.0,967.0,-120.0,8.296875,1294.0,484.5,169.25
2023-07-11 19:00:00,315.25,0.0,1.3709068298339844e-06,268.75,3.630859375,8.796875,0.003139495849609375,334.0,1026.0,-80.0,6.09765625,1294.0,493.0,177.0
2023-07-11 20:00:00,318.25,0.0,1.3709068298339844e-06,269.75,4.56640625,8.796875,0.0033893585205078125,342.0,1025.0,-110.0,6.87890625,1294.0,511.0,177.0
2023-07-11 21:00:00,317.5,0.0,1.3709068298339844e-06,269.5,5.0,8.6015625,0.0033702850341796875,341.0,971.0,-70.0,6.79296875,1294.0,507.5,170.75
2023-07-11 22:00:00,315.5,0.0,1.6093254089355469e-06,273.5,5.50390625,11.6015625,0.0045013427734375,343.25,862.0,10.0,6.9296875,1294.0,494.0,156.625
2023-07-11 23:00:00,314.5,0.0,1.6093254089355469e-06,271.75,4.69140625,10.203125,0.003978729248046875,346.5,705.0,30.0,7.8828125,1294.0,487.75,134.5
2023-07-12 00:00:00,313.75,0.0,1.3709068298339844e-06,269.75,4.81640625,8.6015625,0.0034008026123046875,345.25,521.0,-10.0,8.171875,1294.0,483.0,105.75
2023-07-12 01:00:00,311.25,0.0,1.0728836059570312e-06,262.0,3.62890625,4.80078125,0.0018701553344726562,329.5,323.0,-40.0,7.43359375,1294.0,468.5,70.625
2023-07-12 02:00:00,307.75,0.0,1.0728836059570312e-06,264.25,2.501953125,6.0,0.0022296905517578125,332.5,120.6875,40.0,5.35546875,1294.0,447.0,28.625
2023-07-12 03:00:00,303.5,0.0,8.940696716308594e-07,263.75,1.505859375,6.3984375,0.00215911865234375,326.5,0.0,70.0,2.443359375,1294.0,423.0,0.0
2023-07-12 04:00:00,297.75,0.0,1.1920928955078125e-06,266.0,2.505859375,8.8984375,0.002559661865234375,324.25,0.0,130.0,2.806640625,1294.0,392.0,0.0
2023-07-12 05:00:00,295.5,0.0,8.940696716308594e-07,266.5,1.8798828125,10.1015625,0.0026702880859375,323.5,-10000.0,120.0,3.41796875,1294.0,381.25,-10000.0
2023-07-12 06:00:00,294.75,0.0,8.940696716308594e-07,266.5,2.626953125,10.6015625,0.0026798248291015625,324.5,-10000.0,90.0,2.66796875,1294.0,376.25,-10000.0
2023-07-12 07:00:00,293.75,0.0,1.1920928955078125e-06,267.5,2.376953125,12.0,0.0028591156005859375,321.25,-10000.0,90.0,2.7265625,1294.0,371.5,-10000.0
2023-07-12 08:00:00,292.25,0.0,1.2516975402832031e-06,268.75,2.00390625,13.8984375,0.003170013427734375,316.5,-10000.0,100.0,2.01953125,1294.0,363.75,-10000.0
2023-07-12 09:00:00,292.25,0.0,1.2516975402832031e-06,270.5,2.064453125,16.09375,0.0036106109619140625,315.75,0.0,70.0,4.1953125,1294.0,363.75,0.0
2023-07-12 10:00:00,290.5,0.0,1.1324882507324219e-06,271.75,1.439453125,22.09375,0.00399017333984375,308.0,0.0,80.0,1.5498046875,1294.0,354.75,0.0
2023-07-12 11:00:00,290.0,0.0,1.0728836059570312e-06,273.5,2.126953125,25.796875,0.004459381103515625,303.5,0.0,110.0,2.490234375,1294.0,352.5,0.0
2023-07-12 12:00:00,289.75,0.0,1.0728836059570312e-06,275.5,2.314453125,34.59375,0.005168914794921875,303.5,0.0,129.0,3.37109375,1294.0,351.25,0.0
2023-07-12 13:00:00,292.75,0.0,1.5497207641601562e-06,273.5,2.125,28.703125,0.004520416259765625,310.75,106.875,-11.0,2.54296875,1294.0,366.75,25.125
2023-07-12 14:00:00,297.0,0.0,2.0265579223632812e-06,277.0,1.9384765625,31.09375,0.00579833984375,313.0,299.25,-38.0,2.857421875,1294.0,388.75,64.75
2023-07-12 15:00:00,301.25,0.0,2.562999725341797e-06,278.25,1.5029296875,27.5,0.006351470947265625,322.5,499.75,-18.0,1.7724609375,1294.0,410.25,100.5
2023-07-12 16:00:00,307.25,0.0,2.384185791015625e-06,276.5,0.439208984375,21.5,0.0055999755859375,329.5,684.5,-110.0,3.421875,1294.0,445.5,129.625
2023-07-12 17:00:00,311.0,0.0,2.5033950805664062e-06,277.5,1.0029296875,19.59375,0.005950927734375,337.5,840.0,-80.0,4.28515625,1294.0,466.5,151.875
2023-07-12 18:00:00,314.25,0.0,2.384185791015625e-06,275.25,3.25390625,15.296875,0.00508880615234375,342.0,952.0,-110.0,3.931640625,1294.0,486.0,166.75
2023-07-12 19:00:00,316.5,0.0,1.7881393432617188e-06,277.0,3.693359375,17.09375,0.00579833984375,348.5,1006.0,-120.0,6.109375,1294.0,501.5,173.625
2023-07-12 20:00:00,315.75,0.0,2.0265579223632812e-06,276.0,3.751953125,15.703125,0.00540924072265625,349.5,1008.0,-60.0,5.96484375,1294.0,495.25,174.25
2023-07-12 21:00:00,316.5,0.0,2.0265579223632812e-06,273.5,4.31640625,12.296875,0.0045013427734375,350.5,953.0,-70.0,6.59375,1294.0,501.5,167.75
2023-07-12 22:00:00,315.5,0.0,1.6093254089355469e-06,274.25,5.3125,12.703125,0.004779815673828125,351.5,849.0,0.0,7.59765625,1294.0,495.25,154.5
2023-07-12 23:00:00,315.75,0.0,1.4901161193847656e-06,270.75,4.5,9.296875,0.00363922119140625,357.25,693.0,-70.0,7.6953125,1294.0,496.25,132.25
2023-07-13 00:00:00,313.5,0.0,1.3113021850585938e-06,273.5,4.87890625,11.6015625,0.004489898681640625,357.25,508.75,0.0,7.0546875,1294.0,481.25,103.375
2023-07-13 01:00:00,310.25,0.0,1.0728836059570312e-06,273.75,3.814453125,12.1015625,0.00453948974609375,353.75,308.25,30.0,5.88671875,1294.0,462.5,67.5
2023-07-13 02:00:00,307.0,0.0,8.344650268554688e-07,273.5,2.4375,12.203125,0.00450897216796875,351.0,114.8125,70.0,3.142578125,1294.0,443.5,27.25
2023-07-13 03:00:00,302.75,0.0,7.748603820800781e-07,275.0,2.505859375,14.796875,0.005031585693359375,347.25,0.0,120.0,3.623046875,1294.0,419.25,0.0
2023-07-13 04:00:00,299.0,0.0,7.748603820800781e-07,274.0,1.939453125,16.203125,0.00469970703125,338.0,0.0,90.0,3.11328125,1294.0,398.5,0.0
2023-07-13 05:00:00,296.5,0.0,7.152557373046875e-07,273.25,2.376953125,16.203125,0.0043792724609375,334.0,-10000.0,70.0,4.2578125,1294.0,385.5,-10000.0
2023-07-13 06:00:00,296.25,0.0,7.152557373046875e-07,272.0,3.0625,15.703125,0.004039764404296875,328.75,-10000.0,70.0,7.109375,1294.0,384.0,-10000.0
2023-07-13 07:00:00,295.75,0.0,7.748603820800781e-07,270.5,3.69140625,15.6015625,0.0035800933837890625,326.0,-10000.0,50.0,3.923828125,1294.0,382.0,-10000.0
2023-07-13 08:00:00,294.25,0.0,7.748603820800781e-07,270.5,2.689453125,17.59375,0.003650665283203125,323.75,-10000.0,70.0,4.4609375,1294.0,373.5,-10000.0
2023-07-13 09:00:00,292.25,0.0,8.940696716308594e-07,272.25,2.125,20.796875,0.004119873046875,322.0,0.0,100.0,2.755859375,1294.0,364.25,0.0
2023-07-13 10:00:00,290.75,0.0,8.344650268554688e-07,275.5,3.876953125,26.40625,0.00521087646484375,321.25,0.0,130.0,5.0546875,1294.0,357.0,0.0
2023-07-13 11:00:00,293.5,0.0,9.5367431640625e-07,275.0,0.81396484375,25.90625,0.0049896240234375,319.75,0.0,10.0,1.2216796875,1294.0,370.0,0.0
2023-07-13 12:00:00,290.75,0.0,9.5367431640625e-07,279.0,2.31640625,40.0,0.006641387939453125,317.5,0.0,150.0,3.03515625,1294.0,357.0,0.0
2023-07-13 13:00:00,295.0,0.0,9.5367431640625e-07,276.5,1.5009765625,31.0,0.005588531494140625,321.0,103.375,-44.0,1.5712890625,1294.0,377.75,24.25
2023-07-13 14:00:00,299.75,0.0,1.0132789611816406e-06,279.0,1.1279296875,31.40625,0.006641387939453125,326.25,291.5,-100.0,1.92578125,1294.0,403.0,63.125
2023-07-13 15:00:00,305.25,0.0,1.0132789611816406e-06,282.5,0.87548828125,35.09375,0.00836944580078125,331.5,491.5,-151.0,1.2080078125,1294.0,432.5,99.0
2023-07-13 16:00:00,309.75,0.0,8.940696716308594e-07,280.75,0.50244140625,27.59375,0.00753021240234375,332.5,683.0,-160.0,1.3388671875,1294.0,458.75,129.375
2023-07-13 17:00:00,309.75,0.0,7.152557373046875e-07,282.5,2.689453125,29.203125,0.0084075927734375,342.25,834.0,60.0,3.046875,1294.0,458.5,150.875
2023-07-13 18:00:00,313.75,0.0,7.152557373046875e-07,279.75,3.75390625,23.0,0.007030487060546875,341.75,952.0,-70.0,4.1875,1294.0,483.0,166.875
2023-07-13 19:00:00,315.25,0.0,7.748603820800781e-07,277.75,3.626953125,19.0,0.006099700927734375,338.25,1016.0,-90.0,5.61328125,1294.0,493.25,175.5
2023-07-13 20:00:00,316.25,0.0,7.748603820800781e-07,274.0,3.75390625,13.796875,0.004638671875,337.0,1023.0,-80.0,6.65234375,1294.0,499.0,177.0
2023-07-13 21:00:00,316.75,0.0,7.748603820800781e-07,269.25,4.00390625,9.296875,0.003299713134765625,331.0,975.0,-60.0,6.73828125,1294.0,503.0,171.625
2023-07-13 22:00:00,316.0,0.0,7.748603820800781e-07,267.75,4.44140625,7.8984375,0.002910614013671875,335.5,864.0,-30.0,7.87890625,1294.0,498.0,157.125
2023-07-13 23:00:00,314.5,0.0,7.152557373046875e-07,270.0,3.751953125,9.296875,0.0034694671630859375,340.5,706.0,0.0,7.51171875,1294.0,488.75,134.875
2023-07-14 00:00:00,312.75,0.0,7.152557373046875e-07,270.0,4.44140625,9.203125,0.0034694671630859375,340.0,519.5,20.0,8.59375,1294.0,478.25,105.625
2023-07-14 01:00:00,310.25,0.0,7.152557373046875e-07,268.25,3.44140625,8.296875,0.00305938720703125,336.75,316.0,30.0,7.765625,1294.0,462.75,69.25
2023-07-14 02:00:00,307.25,0.0,8.940696716308594e-07,268.0,2.751953125,8.296875,0.002979278564453125,333.0,118.0,70.0,6.62109375,1294.0,444.75,28.125
2023-07-14 03:00:00,303.5,0.0,7.748603820800781e-07,265.25,1.376953125,7.1015625,0.002429962158203125,329.75,0.0,80.0,1.419921875,1294.0,423.0,0.0
2023-07-14 04:00:00,299.5,0.0,7.748603820800781e-07,266.25,2.689453125,9.296875,0.0026302337646484375,323.5,0.0,110.0,2.716796875,1294.0,401.0,0.0
2023-07-14 05:00:00,297.0,0.0,7.748603820800781e-07,267.75,2.689453125,10.5,0.0029296875,322.5,-10000.0,110.0,2.662109375,1294.0,387.75,-10000.0
2023-07-14 06:00:00,296.25,0.0,9.5367431640625e-07,269.75,2.439453125,13.796875,0.0033893585205078125,318.0,-10000.0,110.0,3.53125,1294.0,384.75,-10000.0
2023-07-14 07:00:00,298.25,0.0,8.940696716308594e-07,265.75,1.3779296875,11.6015625,0.002529144287109375,315.25,-10000.0,-120.0,1.3486328125,1294.0,394.25,-10000.0
2023-07-14 08:00:00,293.75,0.0,7.748603820800781e-07,276.75,1.3125,30.203125,0.0056610107421875,309.5,-10000.0,90.0,2.814453125,1294.0,371.0,-10000.0
2023-07-14 09:00:00,291.5,0.0,7.152557373046875e-07,278.75,2.064453125,35.59375,0.006511688232421875,310.5,0.0,107.0,2.056640625,1294.0,360.0,0.0
2023-07-14 10:00:00,290.75,0.0,7.152557373046875e-07,281.75,1.875,47.90625,0.00798797607421875,308.0,0.0,100.0,2.958984375,1294.0,357.0,0.0
2023-07-14 11:00:00,292.25,0.0,5.960464477539062e-07,280.25,1.439453125,42.6875,0.00717926025390625,312.25,0.0,0.0,3.595703125,1294.0,363.75,0.0
2023-07-14 12:00:00,291.5,0.0,6.556510925292969e-07,280.75,0.43798828125,42.3125,0.007518768310546875,318.0,0.0,30.0,1.109375,1294.0,360.5,0.0
2023-07-14 13:00:00,293.0,0.0,6.556510925292969e-07,280.5,2.126953125,45.09375,0.00733184814453125,317.75,101.3125,-31.0,2.11328125,1294.0,367.25,23.875
2023-07-14 14:00:00,297.5,0.0,5.364418029785156e-07,281.0,2.064453125,41.1875,0.007549285888671875,318.0,291.5,-117.0,2.044921875,1294.0,391.0,63.125
2023-07-14 15:00:00,303.5,0.0,4.76837158203125e-07,280.0,1.189453125,31.59375,0.007049560546875,327.0,492.5,-143.0,2.5078125,1294.0,423.5,99.25
2023-07-14 16:00:00,307.25,0.0,4.172325134277344e-07,280.0,1.8759765625,28.296875,0.007110595703125,332.25,679.0,-93.0,3.107421875,1294.0,444.75,128.875
2023-07-14 17:00:00,310.75,0.0,4.172325134277344e-07,278.75,3.876953125,24.203125,0.006500244140625,337.25,832.0,-150.0,4.62890625,1294.0,465.25,150.625
2023-07-14 18:00:00,313.75,0.0,2.980232238769531e-07,277.75,3.751953125,21.5,0.006031036376953125,338.25,945.0,-180.0,5.140625,1294.0,482.75,165.875
2023-07-14 19:00:00,314.25,0.0,1.7881393432617188e-07,277.75,3.126953125,21.09375,0.00601959228515625,338.0,1006.0,-120.0,4.76953125,1294.0,486.5,174.0
2023-07-14 20:00:00,314.5,0.0,1.7881393432617188e-07,277.5,3.564453125,20.09375,0.0059814453125,338.75,1011.0,-70.0,5.796875,1294.0,488.0,175.0
2023-07-14 21:00:00,313.75,0.0,1.7881393432617188e-07,278.0,4.06640625,19.90625,0.0061798095703125,345.0,953.0,0.0,5.96875,1294.0,483.0,167.875
2023-07-14 22:00:00,313.25,0.0,1.7881393432617188e-07,277.0,4.62890625,18.09375,0.00572967529296875,345.0,846.0,0.0,6.6171875,1294.0,480.75,154.125
2023-07-14 23:00:00,312.25,0.0,1.1920928955078125e-07,276.25,4.69140625,16.90625,0.00547027587890625,342.25,698.0,10.0,6.18359375,1294.0,474.5,133.5
2023-07-15 00:00:00,311.0,0.0,1.1920928955078125e-07,275.5,3.818359375,15.703125,0.005161285400390625,341.5,513.5,20.0,6.34375,1294.0,466.25,104.5
2023-07-15 01:00:00,308.0,0.0,1.1920928955078125e-07,276.0,3.939453125,16.40625,0.005329132080078125,338.75,311.75,70.0,7.515625,1294.0,448.5,68.375
2023-07-15 02:00:00,304.5,0.0,1.7881393432617188e-07,276.75,2.81640625,18.0,0.005649566650390625,342.25,113.375,100.0,5.56640625,1294.0,429.25,27.0
2023-07-15 03:00:00,301.5,0.0,1.7881393432617188e-07,277.25,1.564453125,19.796875,0.005889892578125,341.75,0.0,110.0,2.3828125,1294.0,411.75,0.0
2023-07-15 04:00:00,298.5,0.0,1.7881393432617188e-07,277.0,2.001953125,21.703125,0.005771636962890625,337.25,0.0,80.0,2.0,1294.0,395.5,0.0
2023-07-15 05:00:00,296.25,0.0,1.1920928955078125e-07,277.75,2.44140625,26.796875,0.00611114501953125,328.75,-10000.0,80.0,3.09765625,1294.0,384.25,-10000.0
2023-07-15 06:00:00,294.25,0.0,1.1920928955078125e-07,277.75,1.876953125,27.59375,0.00601959228515625,320.25,-10000.0,102.0,2.302734375,1294.0,374.5,-10000.0
2023-07-15 07:00:00,292.75,0.0,1.1920928955078125e-07,276.5,1.12890625,26.703125,0.00556182861328125,317.0,-10000.0,71.0,1.158203125,1294.0,367.0,-10000.0
2023-07-15 08:00:00,291.25,0.0,1.1920928955078125e-07,276.0,1.689453125,27.59375,0.005340576171875,316.0,-10000.0,60.0,1.6875,1294.0,358.75,-10000.0
2023-07-15 09:00:00,291.0,0.0,1.1920928955078125e-07,274.5,2.5,25.0,0.004840850830078125,313.5,0.0,39.0,2.6015625,1294.0,358.0,0.0
2023-07-15 10:00:00,288.0,0.0,1.1920928955078125e-07,277.25,2.376953125,32.6875,0.005809783935546875,310.75,0.0,120.0,3.111328125,1294.0,342.75,0.0
2023-07-15 11:00:00,289.25,0.0,1.1920928955078125e-07,277.5,3.376953125,38.90625,0.006008148193359375,303.25,0.0,70.0,4.34765625,1294.0,349.5,0.0
2023-07-15 12:00:00,289.5,0.0,1.1920928955078125e-07,278.0,2.4375,40.40625,0.0061187744140625,306.0,0.0,80.0,3.72265625,1294.0,350.75,0.0
2023-07-15 13:00:00,291.5,0.0,1.1920928955078125e-07,276.0,3.064453125,36.1875,0.00537109375,304.25,101.625,-10.0,4.55078125,1294.0,360.75,23.875
2023-07-15 14:00:00,295.75,0.0,1.1920928955078125e-07,277.75,2.939453125,34.40625,0.006069183349609375,308.5,293.5,-28.0,4.52734375,1294.0,382.0,63.75
2023-07-15 15:00:00,300.5,0.0,1.7881393432617188e-07,277.25,2.939453125,27.59375,0.005828857421875,314.5,495.75,-49.0,4.24609375,1294.0,407.25,100.0
2023-07-15 16:00:00,305.5,0.0,1.7881393432617188e-07,278.0,2.189453125,24.90625,0.006191253662109375,325.0,681.5,-50.0,2.53515625,1294.0,434.0,129.375
2023-07-15 17:00:00,309.75,0.0,1.7881393432617188e-07,275.5,1.001953125,18.703125,0.005191802978515625,332.5,835.0,-80.0,1.787109375,1294.0,458.75,151.375
2023-07-15 18:00:00,313.5,0.0,1.7881393432617188e-07,274.25,0.6904296875,15.296875,0.004711151123046875,339.0,947.0,-130.0,3.564453125,1294.0,482.0,166.375
2023-07-15 19:00:00,316.0,0.0,1.7881393432617188e-07,273.5,1.1904296875,13.6015625,0.004489898681640625,342.0,1008.0,-150.0,4.6484375,1294.0,497.0,174.25
2023-07-15 20:00:00,316.25,0.0,1.1920928955078125e-07,275.5,2.37890625,15.1015625,0.005161285400390625,350.0,1006.0,-100.0,4.77734375,1294.0,499.25,174.125
2023-07-15 21:00:00,317.0,0.0,1.7881393432617188e-07,274.25,2.884765625,13.3984375,0.004730224609375,348.0,957.0,-90.0,5.76953125,1294.0,503.5,168.625
2023-07-15 22:00:00,316.25,0.0,1.7881393432617188e-07,274.5,3.0078125,13.203125,0.00482177734375,343.5,857.0,-50.0,6.0703125,1294.0,499.0,156.25
2023-07-15 23:00:00,314.25,0.0,1.1920928955078125e-07,274.75,3.634765625,13.296875,0.00485992431640625,345.25,701.0,0.0,5.8203125,1294.0,486.0,134.125
2023-07-16 00:00:00,312.5,0.0,1.1920928955078125e-07,273.75,4.0,12.203125,0.004581451416015625,350.0,512.5,20.0,6.26953125,1294.0,476.25,104.375
2023-07-16 01:00:00,310.5,0.0,1.1920928955078125e-07,273.0,3.314453125,11.6015625,0.00434112548828125,346.75,310.5,20.0,6.3671875,1294.0,464.5,68.125
2023-07-16 02:00:00,307.0,0.0,1.1920928955078125e-07,273.25,2.06640625,12.1015625,0.00437164306640625,346.0,113.1875,70.0,3.681640625,1294.0,443.0,27.0
2023-07-16 03:00:00,302.75,0.0,1.1920928955078125e-07,273.25,1.9404296875,12.796875,0.0043792724609375,341.75,0.0,110.0,2.359375,1294.0,419.75,0.0
2023-07-16 04:00:00,299.0,0.0,1.1920928955078125e-07,272.75,2.376953125,15.0,0.00421142578125,334.0,0.0,90.0,2.888671875,1294.0,399.25,0.0
2023-07-16 05:00:00,297.0,0.0,1.1920928955078125e-07,272.25,2.876953125,15.796875,0.004070281982421875,330.25,-10000.0,80.0,3.697265625,1294.0,387.75,-10000.0
2023-07-16 06:00:00,295.75,0.0,1.1920928955078125e-07,273.75,2.439453125,18.59375,0.00460052490234375,326.5,-10000.0,140.0,3.14453125,1294.0,381.75,-10000.0
2023-07-16 07:00:00,295.25,0.0,1.7881393432617188e-07,273.5,3.81640625,19.90625,0.0044403076171875,321.75,-10000.0,89.0,4.859375,1294.0,379.25,-10000.0
2023-07-16 08:00:00,294.0,0.0,1.7881393432617188e-07,272.75,3.876953125,20.203125,0.00421905517578125,317.0,-10000.0,60.0,5.66796875,1294.0,372.75,-10000.0
2023-07-16 09:00:00,294.5,0.0,1.1920928955078125e-07,271.75,3.314453125,18.09375,0.003910064697265625,319.75,0.0,50.0,4.97265625,1294.0,375.0,0.0
2023-07-16 10:00:00,291.75,0.0,1.1920928955078125e-07,274.5,3.125,23.0,0.004791259765625,321.25,0.0,131.0,4.359375,1294.0,361.25,0.0
2023-07-16 11:00:00,292.25,0.0,1.7881393432617188e-07,275.5,3.501953125,29.09375,0.005138397216796875,317.0,0.0,70.0,4.9140625,1294.0,364.25,0.0
2023-07-16 12:00:00,292.25,0.0,1.7881393432617188e-07,276.75,3.8125,29.296875,0.0056915283203125,319.0,0.0,80.0,5.609375,1294.0,363.75,0.0
2023-07-16 13:00:00,293.25,0.0,1.7881393432617188e-07,276.75,3.126953125,28.796875,0.00566864013671875,319.75,100.1875,62.0,5.2265625,1294.0,369.75,23.625
2023-07-16 14:00:00,299.25,0.0,1.7881393432617188e-07,277.0,3.064453125,24.203125,0.005779266357421875,327.25,290.5,-60.0,4.6796875,1294.0,399.75,63.0
2023-07-16 15:00:00,302.5,0.0,1.7881393432617188e-07,278.0,3.25390625,24.90625,0.0061798095703125,330.5,492.0,-60.0,4.390625,1294.0,418.5,99.25
2023-07-16 16:00:00,308.25,0.0,1.7881393432617188e-07,276.25,3.439453125,18.203125,0.005428314208984375,338.5,679.0,-118.0,4.8984375,1294.0,451.0,129.0
2023-07-16 17:00:00,312.5,0.0,1.7881393432617188e-07,272.75,4.06640625,12.5,0.004230499267578125,343.0,838.0,-140.0,5.86328125,1294.0,475.25,151.75
2023-07-16 18:00:00,314.75,0.0,1.7881393432617188e-07,273.0,3.12890625,11.796875,0.0043182373046875,347.0,951.0,-110.0,4.0390625,1294.0,490.0,167.0
2023-07-16 19:00:00,318.0,0.0,2.980232238769531e-07,274.0,2.44140625,11.5,0.004680633544921875,357.5,1008.0,-100.0,3.33984375,1294.0,510.25,174.25
2023-07-16 20:00:00,320.25,0.0,2.980232238769531e-07,273.5,2.25390625,10.1015625,0.0044403076171875,362.0,1011.0,-130.0,4.6640625,1294.0,525.5,175.0
2023-07-16 21:00:00,321.75,0.0,4.172325134277344e-07,273.25,0.81591796875,9.296875,0.004360198974609375,364.75,958.0,-140.0,4.9140625,1294.0,535.0,168.75
2023-07-16 22:00:00,321.0,0.0,4.172325134277344e-07,273.25,1.6279296875,9.1015625,0.0044097900390625,370.0,846.0,-80.0,5.43359375,1294.0,530.5,154.125
2023-07-16 23:00:00,318.75,0.0,5.960464477539062e-07,273.75,3.19140625,9.203125,0.00457000732421875,373.75,692.5,-10.0,6.98828125,1294.0,515.5,132.5
2023-07-17 00:00:00,317.25,0.0,5.960464477539062e-07,273.25,3.876953125,8.796875,0.004428863525390625,372.0,508.5,0.0,8.25,1294.0,506.0,103.5
2023-07-17 01:00:00,314.25,0.0,7.748603820800781e-07,274.0,2.814453125,9.6015625,0.00463104248046875,374.25,303.25,10.0,7.0234375,1294.0,486.75,66.5
2023-07-17 02:00:00,311.5,0.0,2.086162567138672e-06,273.25,1.6279296875,9.3984375,0.0044403076171875,367.0,110.8125,50.0,5.3359375,1294.0,469.25,26.375
2023-07-17 03:00:00,305.5,0.0,1.0788440704345703e-05,273.5,2.189453125,10.796875,0.0045318603515625,359.25,0.0,90.0,2.388671875,1294.0,435.25,0.0
2023-07-17 04:00:00,302.0,0.0,1.3172626495361328e-05,274.0,2.939453125,13.796875,0.004680633544921875,350.5,0.0,110.0,3.75,1294.0,415.25,0.0
2023-07-17 05:00:00,300.75,0.0,9.179115295410156e-06,271.75,2.87890625,13.296875,0.00399017333984375,341.75,-10000.0,60.0,3.544921875,1294.0,408.75,-10000.0
2023-07-17 06:00:00,300.25,0.0,4.5299530029296875e-06,272.25,4.25390625,13.296875,0.004119873046875,342.25,-10000.0,80.0,5.6328125,1294.0,405.25,-10000.0
2023-07-17 07:00:00,298.25,0.0,3.0994415283203125e-06,272.75,4.0,15.203125,0.004238128662109375,337.25,-10000.0,80.0,5.30859375,1294.0,395.0,-10000.0
2023-07-17 08:00:00,297.5,0.0,4.112720489501953e-06,273.0,3.31640625,15.796875,0.004360198974609375,337.5,-10000.0,80.0,4.484375,1294.0,390.75,-10000.0
2023-07-17 09:00:00,296.75,0.0,5.364418029785156e-06,273.75,3.626953125,17.40625,0.00460052490234375,333.0,0.0,70.0,4.95703125,1294.0,386.75,0.0
2023-07-17 10:00:00,295.75,0.0,7.152557373046875e-06,274.25,4.06640625,18.5,0.004779815673828125,335.75,0.0,70.0,5.72265625,1294.0,382.25,0.0
2023-07-17 11:00:00,296.5,0.0,1.1682510375976562e-05,276.75,4.87890625,22.59375,0.005710601806640625,335.5,0.0,100.0,6.52734375,1294.0,386.0,0.0
2023-07-17 12:00:00,297.25,0.0,4.291534423828125e-06,274.25,4.62890625,18.09375,0.004741668701171875,336.75,0.0,70.0,6.97265625,1294.0,389.75,0.0
2023-07-17 13:00:00,298.25,0.0,2.205371856689453e-06,276.25,5.0625,21.40625,0.00553131103515625,346.5,68.125,20.0,7.09375,1294.0,394.25,16.125
2023-07-17 14:00:00,299.0,0.0,1.5497207641601562e-06,277.5,3.564453125,23.296875,0.006000518798828125,337.75,254.0,38.0,3.982421875,1294.0,399.25,55.125
2023-07-17 15:00:00,304.0,0.0,1.0728836059570312e-06,276.25,3.25390625,17.5,0.00550079345703125,339.5,490.0,-75.0,7.46484375,1294.0,426.5,98.875
2023-07-17 16:00:00,309.25,0.0,8.940696716308594e-07,274.0,4.81640625,13.5,0.004608154296875,343.0,674.5,-120.0,10.84375,1294.0,456.0,128.125
2023-07-17 17:00:00,309.0,0.0,9.5367431640625e-07,272.0,4.7578125,10.5,0.004001617431640625,350.0,828.0,-80.0,7.375,1294.0,454.5,150.125
2023-07-17 18:00:00,315.75,0.0,1.0132789611816406e-06,272.5,7.3203125,9.8984375,0.004169464111328125,358.0,938.0,-120.0,10.640625,1294.0,496.25,164.75
2023-07-17 19:00:00,320.75,0.0,1.3709068298339844e-06,271.0,3.19140625,8.3984375,0.0037403106689453125,361.0,1003.0,-200.0,6.5078125,1294.0,529.0,173.5
2023-07-17 20:00:00,318.5,0.0,3.993511199951172e-06,272.25,7.1953125,9.3984375,0.004108428955078125,359.75,964.0,-60.0,11.2890625,1294.0,514.0,167.0
2023-07-17 21:00:00,318.5,0.0,4.887580871582031e-06,273.0,6.81640625,10.0,0.00437164306640625,380.0,670.0,-70.0,9.296875,1294.0,513.0,118.125
2023-07-17 22:00:00,317.5,0.0,3.993511199951172e-06,275.25,6.06640625,11.6015625,0.00511932373046875,371.25,764.0,-40.0,8.9609375,1294.0,507.5,139.125
2023-07-17 23:00:00,317.5,0.0,3.5762786865234375e-06,274.25,5.37890625,10.6015625,0.004730224609375,365.25,682.5,-70.0,7.87890625,1294.0,507.0,130.625
2023-07-18 00:00:00,314.0,0.0,4.589557647705078e-06,277.75,6.19140625,13.703125,0.0061187744140625,372.75,499.0,80.0,8.96875,1294.0,485.5,101.625
2023-07-18 01:00:00,309.25,0.0,5.185604095458984e-06,278.75,6.19140625,15.796875,0.00653076171875,386.0,172.625,120.0,8.5234375,1294.0,456.0,37.875
2023-07-18 02:00:00,305.75,0.0,5.424022674560547e-06,280.75,4.4375,19.59375,0.00746917724609375,364.25,103.875,170.0,6.69140625,1294.0,435.75,24.75
2023-07-18 03:00:00,303.75,0.0,5.0067901611328125e-06,278.75,1.376953125,18.796875,0.006488800048828125,363.0,0.0,50.0,5.7421875,1294.0,424.25,0.0
2023-07-18 04:00:00,303.75,0.0,5.185604095458984e-06,278.25,1.9404296875,20.09375,0.00627899169921875,407.5,0.0,0.0,2.810546875,1294.0,424.5,0.0
2023-07-18 05:00:00,302.75,0.0,6.377696990966797e-06,276.5,1.8779296875,18.296875,0.005588531494140625,359.5,-10000.0,40.0,3.859375,1294.0,419.0,-10000.0
2023-07-18 06:00:00,301.25,0.0,7.62939453125e-06,279.75,3.189453125,23.59375,0.00698089599609375,380.5,-10000.0,90.0,3.228515625,1294.0,410.75,-10000.0
2023-07-18 07:00:00,298.5,0.0,7.748603820800781e-06,281.75,1.001953125,28.5,0.00797271728515625,358.5,-10000.0,140.0,1.7890625,1294.0,396.5,-10000.0
2023-07-18 08:00:00,298.25,0.0,8.58306884765625e-06,280.75,2.126953125,28.0,0.007518768310546875,393.25,-10000.0,40.0,4.31640625,1294.0,394.5,-10000.0
2023-07-18 09:00:00,298.5,0.0,7.867813110351562e-06,280.25,2.501953125,29.203125,0.00727081298828125,395.25,0.0,40.0,2.9765625,1294.0,396.5,0.0
2023-07-18 10:00:00,298.25,0.0,7.152557373046875e-06,280.25,2.876953125,28.703125,0.00717926025390625,401.0,0.0,40.0,3.662109375,1294.0,395.0,0.0
2023-07-18 11:00:00,298.5,0.0,6.9141387939453125e-06,279.75,1.8134765625,28.90625,0.007038116455078125,351.5,0.0,50.0,3.849609375,1294.0,396.0,0.0
2023-07-18 12:00:00,297.75,0.0,6.9141387939453125e-06,280.75,1.939453125,28.703125,0.007541656494140625,408.25,0.0,90.0,2.033203125,1294.0,391.5,0.0
2023-07-18 13:00:00,300.25,0.0,6.973743438720703e-06,281.25,1.8759765625,30.296875,0.00775146484375,407.0,3.599609375,40.0,4.46875,1294.0,405.25,0.875
2023-07-18 14:00:00,300.75,0.0,7.212162017822266e-06,282.25,1.3759765625,31.40625,0.00823974609375,354.0,271.5,10.0,2.80859375,1294.0,408.0,59.0
2023-07-18 15:00:00,305.0,0.0,8.046627044677734e-06,282.5,1.5009765625,28.90625,0.00839996337890625,411.25,82.875,-27.0,3.109375,1294.0,431.75,16.765625
2023-07-18 16:00:00,305.5,0.0,7.867813110351562e-06,281.5,3.87890625,25.09375,0.00791168212890625,377.75,478.0,-10.0,5.33203125,1294.0,435.25,90.875
2023-07-18 17:00:00,309.0,0.0,9.119510650634766e-06,281.5,2.19140625,24.703125,0.0078277587890625,420.5,26.0,-10.0,3.7109375,1294.0,455.0,4.63671875
2023-07-18 18:00:00,307.25,0.0,7.212162017822266e-06,282.0,4.75390625,25.09375,0.0081329345703125,418.0,294.0,-30.0,6.15234375,1294.0,444.5,51.625
2023-07-18 19:00:00,315.0,0.0,6.67572021484375e-06,281.75,3.568359375,23.09375,0.00800323486328125,372.5,969.0,-150.0,5.375,1294.0,491.0,167.75
2023-07-18 20:00:00,315.75,0.0,6.496906280517578e-06,282.5,4.62890625,22.296875,0.0083465576171875,377.75,973.0,-50.0,7.07421875,1294.0,496.75,168.5
2023-07-18 21:00:00,312.75,0.0,5.781650543212891e-06,282.0,6.19140625,21.796875,0.0081787109375,416.75,329.0,40.0,7.9765625,1294.0,478.25,58.0
2023-07-18 22:00:00,313.0,0.0,4.827976226806641e-06,279.75,2.62890625,18.0,0.007030487060546875,426.5,211.0,-30.0,5.86328125,1294.0,479.25,38.5
2023-07-18 23:00:00,310.0,0.0,6.079673767089844e-06,281.5,3.001953125,20.296875,0.0078582763671875,425.5,130.625,180.0,7.2421875,1294.0,460.75,25.0
2023-07-19 00:00:00,309.0,0.0,6.198883056640625e-06,276.75,0.6259765625,15.0,0.00569915771484375,426.25,23.703125,-70.0,8.078125,1294.0,455.0,4.875
2023-07-19 01:00:00,305.75,0.0,3.874301910400391e-06,283.0,5.31640625,27.90625,0.0087890625,363.5,286.5,90.0,6.04296875,1294.0,435.5,62.875
2023-07-19 02:00:00,302.5,0.0,4.112720489501953e-06,283.25,5.00390625,30.203125,0.008880615234375,362.75,98.875,80.0,8.5703125,1294.0,417.0,23.625
2023-07-19 03:00:00,301.5,0.0,4.112720489501953e-06,282.0,3.064453125,27.90625,0.0081787109375,417.0,0.0,50.0,7.9375,1294.0,412.75,0.0
2023-07-19 04:00:00,303.75,0.0,4.172325134277344e-06,284.75,4.31640625,34.6875,0.00984954833984375,416.25,0.0,-120.0,8.625,1294.0,424.25,0.0
2023-07-19 05:00:00,301.5,0.0,4.410743713378906e-06,284.5,2.69140625,35.0,0.0095977783203125,407.75,-10000.0,10.0,7.421875,1294.0,412.75,-10000.0
2023-07-19 06:00:00,300.75,0.0,3.993511199951172e-06,285.0,3.064453125,37.40625,0.0098876953125,419.0,-10000.0,70.0,4.84765625,1294.0,408.25,-10000.0
2023-07-19 07:00:00,299.5,0.0,3.933906555175781e-06,286.5,7.00390625,44.90625,0.01096343994140625,404.0,-10000.0,100.0,13.90625,1294.0,401.0,-10000.0
2023-07-19 08:00:00,299.0,0.0,3.5762786865234375e-06,286.75,5.75,47.59375,0.01120758056640625,366.0,-10000.0,100.0,13.3203125,1294.0,398.25,-10000.0
2023-07-19 09:00:00,297.25,0.0,3.4570693969726562e-06,287.75,6.1875,54.5,0.01197052001953125,380.75,0.0,100.0,14.1875,1294.0,389.5,0.0
2023-07-19 10:00:00,296.0,0.0,3.159046173095703e-06,287.5,4.87890625,55.6875,0.01180267333984375,382.5,0.0,117.0,12.984375,1294.0,383.25,0.0
2023-07-19 11:00:00,296.5,0.0,2.86102294921875e-06,286.0,2.8125,49.09375,0.0106964111328125,386.5,0.0,60.0,9.734375,1294.0,385.75,0.0
2023-07-19 12:00:00,294.25,0.0,2.3245811462402344e-06,288.25,0.75341796875,62.40625,0.0122222900390625,351.0,0.0,140.0,2.34375,1294.0,374.25,0.0
2023-07-19 13:00:00,295.5,0.0,2.384185791015625e-06,287.75,1.5029296875,62.3125,0.0118865966796875,348.0,87.6875,33.0,2.984375,1294.0,379.75,20.75
2023-07-19 14:00:00,299.5,0.0,1.9073486328125e-06,287.25,2.564453125,55.8125,0.0115966796875,352.0,263.0,-42.0,3.33984375,1294.0,402.0,57.25
2023-07-19 15:00:00,303.0,0.0,1.8477439880371094e-06,287.25,3.876953125,50.1875,0.0115509033203125,354.25,467.75,-68.0,4.60546875,1294.0,421.0,94.5
2023-07-19 16:00:00,308.25,0.0,1.9073486328125e-06,286.5,2.25,43.59375,0.0109405517578125,358.0,651.5,-158.0,3.3203125,1294.0,451.25,123.75
2023-07-19 17:00:00,309.75,0.0,1.9073486328125e-06,285.0,1.8154296875,36.8125,0.00997161865234375,362.0,804.0,-47.0,2.283203125,1294.0,459.75,145.875
2023-07-19 18:00:00,313.0,0.0,2.086162567138672e-06,284.5,1.19140625,32.3125,0.00962066650390625,366.0,918.0,-80.0,1.322265625,1294.0,478.75,161.125
2023-07-19 19:00:00,314.75,0.0,2.3245811462402344e-06,283.75,0.75244140625,28.796875,0.0092010498046875,372.0,974.0,-70.0,0.97802734375,1294.0,489.25,168.5
2023-07-19 20:00:00,314.0,0.0,2.3245811462402344e-06,284.5,0.44189453125,29.09375,0.00966644287109375,427.5,160.0,40.0,1.439453125,1294.0,484.75,27.75
2023-07-19 21:00:00,315.0,0.0,2.384185791015625e-06,284.0,1.1904296875,26.203125,0.00926971435546875,382.5,918.0,-40.0,1.955078125,1294.0,491.5,161.75
2023-07-19 22:00:00,316.0,0.0,2.3245811462402344e-06,282.0,1.94140625,21.703125,0.00807952880859375,397.0,769.0,-80.0,2.203125,1294.0,498.25,140.125
2023-07-19 23:00:00,316.0,0.0,2.0265579223632812e-06,282.0,1.2529296875,21.40625,0.0081024169921875,387.0,574.5,-120.0,2.0546875,1294.0,497.0,110.0
2023-07-20 00:00:00,310.75,0.0,1.7881393432617188e-06,283.0,2.376953125,23.59375,0.0087432861328125,429.25,4.30078125,60.0,2.60546875,1294.0,465.0,0.875
2023-07-20 01:00:00,309.25,0.0,1.3709068298339844e-06,278.5,5.4375,18.90625,0.00640106201171875,418.5,60.6875,-60.0,6.4375,1294.0,457.0,13.375
2023-07-20 02:00:00,295.0,0.0,1.0728836059570312e-06,291.75,2.62890625,78.1875,0.015380859375,402.75,2.599609375,300.0,4.5390625,1294.0,378.0,0.625
2023-07-20 03:00:00,297.25,0.0,8.940696716308594e-07,289.25,2.939453125,66.5,0.0130462646484375,386.0,0.0,30.0,4.4140625,1294.0,389.0,0.0
2023-07-20 04:00:00,295.25,0.0,1.3113021850585938e-06,290.0,0.440185546875,71.5,0.01380157470703125,393.0,0.0,90.0,2.693359375,1294.0,379.5,0.0
2023-07-20 05:00:00,295.25,0.0,1.7285346984863281e-06,288.25,1.125,62.90625,0.0122833251953125,344.0,-10000.0,30.0,1.7841796875,1294.0,379.0,-10000.0
2023-07-20 06:00:00,294.0,0.0,1.4901161193847656e-06,291.0,1.3154296875,81.8125,0.01457977294921875,344.5,-10000.0,30.0,2.375,1294.0,372.75,-10000.0
2023-07-20 07:00:00,294.25,0.0,1.1920928955078125e-06,290.25,1.626953125,76.375,0.01384735107421875,352.0,-10000.0,10.0,2.181640625,1294.0,374.5,-10000.0
2023-07-20 08:00:00,292.0,0.0,1.0132789611816406e-06,291.25,1.876953125,87.0,0.0148773193359375,341.75,-10000.0,120.0,3.416015625,1294.0,363.5,-10000.0
2023-07-20 09:00:00,292.5,0.0,1.0132789611816406e-06,290.5,2.564453125,83.625,0.01416778564453125,341.0,0.0,53.0,4.78515625,1294.0,364.75,0.0
2023-07-20 10:00:00,292.5,0.0,1.0132789611816406e-06,288.25,2.876953125,69.875,0.01226806640625,358.25,0.0,50.0,4.9140625,1294.0,365.25,0.0
2023-07-20 11:00:00,292.0,0.0,1.0728836059570312e-06,287.25,3.439453125,62.3125,0.0115966796875,351.0,0.0,130.0,5.34765625,1294.0,362.75,0.0
2023-07-20 12:00:00,292.0,0.0,1.1324882507324219e-06,287.5,1.3759765625,67.8125,0.01177978515625,341.0,0.0,150.0,1.9794921875,1294.0,362.25,0.0
2023-07-20 13:00:00,293.25,0.0,1.1324882507324219e-06,285.75,0.5009765625,57.3125,0.010406494140625,347.0,83.5,0.0,1.0419921875,1294.0,369.5,19.75
2023-07-20 14:00:00,297.5,0.0,1.1920928955078125e-06,286.75,1.9404296875,57.90625,0.01113128662109375,350.5,262.5,-70.0,2.1640625,1294.0,390.5,57.125
2023-07-20 15:00:00,301.5,0.0,1.1920928955078125e-06,288.0,1.876953125,59.09375,0.01212310791015625,348.5,463.25,-81.0,2.01171875,1294.0,411.75,93.625
2023-07-20 16:00:00,307.25,0.0,1.1324882507324219e-06,286.5,0.62939453125,47.09375,0.01094818115234375,353.5,646.0,-194.0,0.9658203125,1294.0,444.75,122.875
2023-07-20 17:00:00,309.25,0.0,1.1920928955078125e-06,285.5,0.75146484375,39.6875,0.010162353515625,357.75,801.0,-100.0,1.1474609375,1294.0,457.0,145.25
2023-07-20 18:00:00,311.0,0.0,1.3709068298339844e-06,285.5,1.1904296875,37.3125,0.010162353515625,359.5,913.0,-47.0,1.4306640625,1294.0,466.75,160.5
2023-07-20 19:00:00,313.0,0.0,1.4901161193847656e-06,285.5,2.189453125,35.3125,0.0102691650390625,369.5,969.0,-60.0,2.484375,1294.0,479.5,167.625
2023-07-20 20:00:00,313.5,0.0,1.7285346984863281e-06,286.25,2.189453125,35.59375,0.01067352294921875,367.5,977.0,-40.0,2.55859375,1294.0,481.75,169.125
2023-07-20 21:00:00,313.75,0.0,1.7285346984863281e-06,285.5,2.37890625,32.40625,0.01019287109375,368.0,926.0,-40.0,2.705078125,1294.0,483.25,163.125
2023-07-20 22:00:00,314.25,0.0,1.7881393432617188e-06,284.75,2.8125,29.90625,0.00980377197265625,370.75,821.0,-80.0,3.701171875,1294.0,486.0,149.625
2023-07-20 23:00:00,314.0,0.0,1.7881393432617188e-06,282.75,2.318359375,24.203125,0.0085906982421875,368.25,678.0,-50.0,2.58203125,1294.0,485.0,129.75
